#INFO,,,,,,,,,,,,,,,,,,,,
#Study name,Marlon Web,,,,,,,,,,,,,,,,,,,
#Respondent Name,0033,Id: b4335c77-54e3-44ce-89c6-9d7194369361,,,,,,,,,,,,,,,,,,
#Respondent Age,0,,,,,,,,,,,,,,,,,,,
#Respondent Gender,OTHER,,,,,,,,,,,,,,,,,,,
#Respondent Group,Default,,,,,,,,,,,,,,,,,,,
#iMotions version,10.0.36083.1,,,,,,,,,,,,,,,,,,,
#Current culture,es-ES español (España alfabetización internacional),File encoding: System.Text.UTF8Encoding,Date format: dd/MM/yyyy,,,,,,,,,,,,,,,,,
#Recording time,Date: 25/07/2024,Time: 22:01:34.378 +02:00,Unix time: 1721937694,,,,,,,,,,,,,,,,,
#Export time,Date: 30/07/2024,Time: 15:36:51.858 +02:00,,,,,,,,,,,,,,,,,,
#Sensor info,Affectiva AFFDEX, Manufacturer: Affectiva, Modality: Facial analysis(Affectiva AFFDEX), Affdex version: 5.1, Baseline: on, Number of faces: 1, Latency: 0 milliseconds,,,,,,,,,,,,,
#,,,,,,,,,,,,,,,,,,,,
#METADATA,,,,,,,,,,,,,,,,,,,,
#Device,,SlideEvents,SlideEvents,SlideEvents,SlideEvents,SlideEvents,SlideEvents,Affectiva AFFDEX,Affectiva AFFDEX,Affectiva AFFDEX,Affectiva AFFDEX,Affectiva AFFDEX,Affectiva AFFDEX,Affectiva AFFDEX,Affectiva AFFDEX,Affectiva AFFDEX,Affectiva AFFDEX,Affectiva AFFDEX,Affectiva AFFDEX,Affectiva AFFDEX
#Provided By,iMotions,iMotions,iMotions,iMotions,iMotions,iMotions,iMotions,iMotions,Affectiva,Affectiva,Affectiva,Affectiva,Affectiva,Affectiva,Affectiva,Affectiva,Affectiva,Affectiva,Affectiva,Affectiva
#Category,Timestamp,Event Source,Slideshow,Slideshow,Slideshow,Slideshow,Slideshow,Event Source,FEA(Emotions),FEA(Emotions),FEA(Emotions),FEA(Emotions),FEA(Emotions),FEA(Emotions),FEA(Emotions),FEA(Emotions),FEA(Emotions),FEA(Emotions),FEA(Emotions),FEA(Emotions)
#Description,iMotions synchronization timestamp. Relative to data recording start,Can be used to filter data from: SlideEvents,Slide & Media events: Start/Stop,Type of stimulus,Stimulus duration fx video length,Reason slide was changed,Name of stimulus,Can be used to filter data from: Affectiva AFFDEX,Evidence that the face expresses anger,Evidence that the face expresses contempt,Evidence that the face expresses disgust,Evidence that the face expresses fear,Evidence that the face expresses joy,Evidence that the face expresses sadness,Evidence that the face expresses surprise,"Measure of facial muscle activation, illustrating the subject’s expressiveness",Measure of positive or negative nature of the recorded person’s experience,Evidence that the face expresses sentimentality,Evidence that the face expresses confusion,Evidence that the face showed a neutral expression
#Unit,Millisecond,,,,Millisecond,,,,Index,Index,Index,Index,Index,Index,Index,Index,Index,Index,Index,Index
#Short unit,ms,,,,ms,,,,,,,,,,,,,,,
#Group,,Event Source,,,,,,Event Source,Emotion,Emotion,Emotion,Emotion,Emotion,Emotion,Emotion,Emotion,Emotion,Emotion,Emotion,Emotion
#Display name,,,,,,,,,Anger,Contempt,Disgust,Fear,Joy,Sadness,Surprise,Engagement,Valence,Sentimentality,Confusion,Neutral
#Channel identifier,iMotions_Synchronization_Timestamp,Eventsource_Slideevents,SE_SlideEvent,SE_StimulusType,SE_Duration,SE_CollectionPhase,SE_SourceStimuliName,Eventsource_Affectiva_AFFDEX,FEA_Emotion_Anger,FEA_Emotion_Contempt,FEA_Emotion_Disgust,FEA_Emotion_Fear,FEA_Emotion_Joy,FEA_Emotion_Sadness,FEA_Emotion_Surprise,FEA_Emotion_Engagement,FEA_Emotion_Valence,FEA_Emotion_Sentimentality,FEA_Emotion_Confusion,FEA_Emotion_Neutral
#,,,,,,,,,,,,,,,,,,,,
#DATA,,,,,,,,,,,,,,,,,,,,
Row,Timestamp,EventSource,SlideEvent,StimType,Duration,CollectionPhase,SourceStimuliName,EventSource,Anger,Contempt,Disgust,Fear,Joy,Sadness,Surprise,Engagement,Valence,Sentimentality,Confusion,Neutral
1,110357.100000001,1,StartSlide,TestImage,3000000,StimuliDisplay,Website 1,,,,,,,,,,,,,
2,110377,,,,,,Website 1,1,0,0,0,0,0,0,0,0,0,0,0,0
3,110377.600000001,1,StartMedia,TestImage,3000000,StimuliDisplay,Website 1,,,,,,,,,,,,,
4,110408,,,,,,Website 1,1,0,0,0,0,0,0,0,0,0,0,0,0
5,110440,,,,,,Website 1,1,0,0,0,0,0,0,0,0,0,0,0,0
6,110488,,,,,,Website 1,1,0,0,0,0,0,0,0,0,0,0,0,0
7,110520,,,,,,Website 1,1,0,0,0,0,0,0,0,0,0,0,0,0
8,110553,,,,,,Website 1,1,0,0,0,0,0,0,0,0,0,0,0,0
9,110585,,,,,,Website 1,1,0,0,0,0,0,0,0,0,0,0,0,0
10,110617,,,,,,Website 1,1,0,0,0,0,0,0,0,0,0,0,0,0
11,110648,,,,,,Website 1,1,0,0,0,0,0,0,0,0,0,0,0,0
12,111176,,,,,,Website 1,1,0,0,0,0,0,0,0,0,0,0,0,0
13,111209,,,,,,Website 1,1,0,0,0,0,0,0,0,0,0,0,0,0
14,111241,,,,,,Website 1,1,0,0,0,0,0,0,0,0,0,0,0,0
15,111288,,,,,,Website 1,1,0,0,0,0,0,0,0,0,0,0,0,0
16,111321,,,,,,Website 1,1,0,0,0,0,0,0,0,0,0,0,0,0
17,111353,,,,,,Website 1,1,0,0,0,0,0,0,0,0,0,0,0,0
18,111385,,,,,,Website 1,1,0,0,0,0,0,0,0,0,0,0,0,0
19,111416,,,,,,Website 1,1,0,0,0,0,0,0,0,0,0,0,0,0
20,111448,,,,,,Website 1,1,0,0,0,0,0,0,0,0,0,0,0,0
21,111480,,,,,,Website 1,1,0,0,0,0,0,0,0,0,0,0,0,0
22,111512,,,,,,Website 1,1,0,0,0,0,0,0,0,0,0,0,0,0
23,111544,,,,,,Website 1,1,0,0,0,0,0,0,0,0,0,0,0,0
24,111577,,,,,,Website 1,1,0,0,0,0,0,0,0,0,0,0,0,0
25,111609,,,,,,Website 1,1,0,0,0,0,0,0,0,0,0,0,0,0
26,111641,,,,,,Website 1,1,0,0,0,0,0,0,0,0,0,0,0,0
27,111688,,,,,,Website 1,1,0,0,0,0,0,0,0,0,0,0,0,0
28,111720,,,,,,Website 1,1,0,0,0,0,0,0,0,0,0,0,0,0
29,111752,,,,,,Website 1,1,0,0,0,0,0,0,0,0,0,0,0,0
30,111784,,,,,,Website 1,1,0,0,0,0,0,0,0,0,0,0,0,0
31,111816,,,,,,Website 1,1,0,0,0,0,0,0,0,0,0,0,0,0
32,111849,,,,,,Website 1,1,0,0,0,0,0,0,0,0,0,0,0,0
33,111881,,,,,,Website 1,1,0,0,0,0,0,0,0,0,0,0,0,0
34,111913,,,,,,Website 1,1,0,0,0,0,0,0,0,0,0,0,0,0
35,111944,,,,,,Website 1,1,0,0,0,0,0,0,0,0,0,0,0,0
36,111977,,,,,,Website 1,1,0,0,0,0,0,0,0,0,0,0,0,0
37,112009,,,,,,Website 1,1,0,0,0,0,0,0,0,0,0,0,0,0
38,112040,,,,,,Website 1,1,0,0,0,0,0,0,0,0,0,0,0,0
39,112088,,,,,,Website 1,1,0,0,0,0,0,0,0,0,0,0,0,0
40,112121,,,,,,Website 1,1,0,0,0,0,0,0,0,0,0,0,0,0
41,112153,,,,,,Website 1,1,0,0,0,0,0,0,0,0,0,0,0,0
42,112184,,,,,,Website 1,1,0,0,0,0,0,0,0,0,0,0,0,0
43,112217,,,,,,Website 1,1,0,0,0,0,0,0,0,0,0,0,0,0
44,112249,,,,,,Website 1,1,0,0,0,0,0,0,0,0,0,0,0,0
45,112280,,,,,,Website 1,1,0,0,0,0,0,0,0,0,0,0,0,0
46,112312,,,,,,Website 1,1,0,0,0,0,0,0,0,0,0,0,0,0
47,112345,,,,,,Website 1,1,0,0,0,0,0,0,0,0,0,0,0,0
48,112377,,,,,,Website 1,1,0,0,0,0,0,0,0,0,0,0,0,0
49,112409,,,,,,Website 1,1,0,0,0,0,0,0,0,0,0,0,0,0
50,112440,,,,,,Website 1,1,0,0,0,0,0,0,0,0,0,0,0,0
51,112488,,,,,,Website 1,1,0,0,0,0,0,0,0,0,0,0,0,0
52,112520,,,,,,Website 1,1,0,0,0,0,0,0,0,0,0,0,0,0
53,112552,,,,,,Website 1,1,0,0,0,0,0,0,0,0,0,0,0,0
54,112584,,,,,,Website 1,1,0,0,0,0,0,0,0,0,0,0,0,0
55,112617,,,,,,Website 1,1,0,0,0,0,0,0,0,0,0,0,0,0
56,112649,,,,,,Website 1,1,0,0,0,0,0,0,0,0,0,0,0,0
57,112680,,,,,,Website 1,1,0,0,0,0,0,0,0,0,0,0,0,0
58,112712,,,,,,Website 1,1,0,0,0,0,0,0,0,0,0,0,0,0
59,112744,,,,,,Website 1,1,0,0,0,0,0,0,0,0,0,0,0,0
60,112777,,,,,,Website 1,1,0,0,0,0,0,0,0,0,0,0,0,0
61,112809,,,,,,Website 1,1,0,0,0,0,0,0,0,0,0,0,0,0
62,112841,,,,,,Website 1,1,0,0,0,0,0,0,0,0,0,0,0,0
63,112889,,,,,,Website 1,1,0,0,0,0,0,0,0,0,0,0,0,0
64,112921,,,,,,Website 1,1,0,0,0,0,0,0,0,0,0,0,0,0
65,112953,,,,,,Website 1,1,0,0,0,0,0,0,0,0,0,0,0,0
66,112985,,,,,,Website 1,1,0,0,0,0,0,0,0,0,0,0,0,0
67,113017,,,,,,Website 1,1,0,0,0,0,0,0,0,0,0,0,0,0
68,113049,,,,,,Website 1,1,0,0,0,0,0,0,0,0,0,0,0,0
69,113080,,,,,,Website 1,1,0,0,0,0,0,0,0,0,0,0,0,0
70,113113,,,,,,Website 1,1,0,0,0,0,0,0,0,0,0,0,0,0
71,113145,,,,,,Website 1,1,0,0,0,0,0,0,0,0,0,0,0,0
72,113177,,,,,,Website 1,1,0,0,0,0,0,0,0,0,0,0,0,0
73,113209,,,,,,Website 1,1,0,0,0,0,0,0,0,0,0,0,0,0
74,113241,,,,,,Website 1,1,0,0,0,0,0,0,0,0,0,0,0,0
75,113288,,,,,,Website 1,1,0,0,0,0,0,0,0,0,0,0,0,0
76,113320,,,,,,Website 1,1,0,0,0,0,0,0,0,0,0,0,0,0
77,113352,,,,,,Website 1,1,0,0,0,0,0,0,0,0,0,0,0,0
78,113385,,,,,,Website 1,1,0,0,0,0,0,0,0,0,0,0,0,0
79,113417,,,,,,Website 1,1,0,0,0,0,0,0,0,0,0,0,0,0
80,113448,,,,,,Website 1,1,0,0,0,0,0,0,0,0,0,0,0,0
81,113480,,,,,,Website 1,1,0,0,0,0,0,0,0,0,0,0,0,0
82,113512,,,,,,Website 1,1,0,0,0,0,0,0,0,0,0,0,0,0
83,113545,,,,,,Website 1,1,0,0,0,0,0,0,0,0,0,0,0,0
84,113576,,,,,,Website 1,1,0,0,0,0,0,0,0,0,0,0,0,0
85,113608,,,,,,Website 1,1,0,0,0,0,0,0,0,0,0,0,0,0
86,113641,,,,,,Website 1,1,0,0,0,0,0,0,0,0,0,0,0,0
87,113688,,,,,,Website 1,1,0,0,0,0,0,0,0,0,0,0,0,0
88,113720,,,,,,Website 1,1,0,0,0,0,0,0,0,0,0,0,0,0
89,113752,,,,,,Website 1,1,0,0,0,0,0,0,0,0,0,0,0,0
90,113784,,,,,,Website 1,1,0,0,0,0,0,0,0,0,0,0,0,0
91,113817,,,,,,Website 1,1,0,0,0,0,0,0,0,0,0,0,0,0
92,113848,,,,,,Website 1,1,0,0,0,0,0,0,0,0,0,0,0,0
93,113881,,,,,,Website 1,1,0,0,0,0,0,0,0,0,0,0,0,0
94,113913,,,,,,Website 1,1,0,0,0,0,0,0,0,0,0,0,0,0
95,113945,,,,,,Website 1,1,0,0,0,0,0,0,0,0,0,0,0,0
96,113976,,,,,,Website 1,1,0,0,0,0,0,0,0,0,0,0,0,0
97,114009,,,,,,Website 1,1,0,0,0,0,0,0,0,0,0,0,0,0
98,114041,,,,,,Website 1,1,0,0,0,0,0,0,0,0,0,0,0,0
99,114088,,,,,,Website 1,1,0,0,0,0,0,0,0,0,0,0,0,0
100,114121,,,,,,Website 1,1,0,0,0,0,0,0,0,0,0,0,0,0
101,114153,,,,,,Website 1,1,0,0,0,0,0,0,0,0,0,0,0,0
102,114185,,,,,,Website 1,1,0,0,0,0,0,0,0,0,0,0,0,0
103,114217,,,,,,Website 1,1,0,0,0,0,0,0,0,0,0,0,0,0
104,114249,,,,,,Website 1,1,0,0,0,0,0,0,0,0,0,0,0,0
105,114280,,,,,,Website 1,1,0,0,0,0,0,0,0,0,0,0,0,0
106,114312,,,,,,Website 1,1,0,0,0,0,0,0,0,0,0,0,0,0
107,114345,,,,,,Website 1,1,0,0,0,0,0,0,0,0,0,0,0,0
108,114376,,,,,,Website 1,1,0,0,0,0,0,0,0,0,0,0,0,0
109,114409,,,,,,Website 1,1,0,0,0,0,0,0,0,0,0,0,0,0
110,114441,,,,,,Website 1,1,0,0,0,0,0,0,0,0,0,0,0,0
111,114488,,,,,,Website 1,1,0,0,0,0,0,0,0,0,0,0,0,0
112,114520,,,,,,Website 1,1,0,0,0,0,0,0,0,0,0,0,0,0
113,114552,,,,,,Website 1,1,0,0,0,0,0,0,0,0,0,0,0,0
114,114584,,,,,,Website 1,1,0,0,0,0,0,0,0,0,0,0,0,0
115,114616,,,,,,Website 1,1,0,0,0,0,0,0,0,0,0,0,0,0
116,114649,,,,,,Website 1,1,0,0,0,0,0,0,0,0,0,0,0,0
117,114681,,,,,,Website 1,1,0,0,0,0,0,0,0,0,0,0,0,0
118,114713,,,,,,Website 1,1,0,0,0,0,0,0,0,0,0,0,0,0
119,114745,,,,,,Website 1,1,0,0,0,0,0,0,0,0,0,0,0,0
120,114777,,,,,,Website 1,1,0,0,0,0,0,0,0,0,0,0,0,0
121,114809,,,,,,Website 1,1,0,0,0,0,0,0,0,0,0,0,0,0
122,114840,,,,,,Website 1,1,0,0,0,0,0,0,0,0,0,0,0,0
123,114888,,,,,,Website 1,1,0,0,0,0,0,0,0,0,0,0,0,0
124,114921,,,,,,Website 1,1,0,0,0,0,0,0,0,0,0,0,0,0
125,114953,,,,,,Website 1,1,0,0,0,0,0,0,0,0,0,0,0,0
126,114984,,,,,,Website 1,1,0,0,0,0,0,0,0,0,0,0,0,0
127,115016,,,,,,Website 1,1,0,0,0,0,0,0,0,0,0,0,0,0
128,115049,,,,,,Website 1,1,0,0,0,0,0,0,0,0,0,0,0,0
129,115080,,,,,,Website 1,1,0,0,0,0,0,0,0,0,0,0,0,0
130,115112,,,,,,Website 1,1,0,0,0,0,0,0,0,0,0,0,0,0
131,115144,,,,,,Website 1,1,0,0,0,0,0,0,0,0,0,0,0,0
132,115177,,,,,,Website 1,1,0,0,0,0,0,0,0,0,0,0,0,0
133,115209,,,,,,Website 1,1,0,0,0,0,0,0,0,0,0,0,0,0
134,115240,,,,,,Website 1,1,0,0,0,0,0,0,0,0,0,0,0,0
135,115288,,,,,,Website 1,1,0,0,0,0,0,0,0,0,0,0,0,0
136,115321,,,,,,Website 1,1,0,0,0,0,0,0,0,0,0,0,0,0
137,115352,,,,,,Website 1,1,0,0,0,0,0,0,0,0,0,0,0,0
138,115384,,,,,,Website 1,1,0,0,0,0,0,0,0,0,0,0,0,0
139,115417,,,,,,Website 1,1,0,0,0,0,0,0,0,0,0,0,0,0
140,115449,,,,,,Website 1,1,0,0,0,0,0,0,0,0,0,0,0,0
141,115481,,,,,,Website 1,1,0,0,0,0,0,0,0,0,0,0,0,0
142,115512,,,,,,Website 1,1,0,0,0,0,0,0,0,0,0,0,0,0
143,115545,,,,,,Website 1,1,0,0,0,0,0,0,0,0,0,0,0,0
144,115577,,,,,,Website 1,1,0,0,0,0,0,0,0,0,0,0,0,0
145,115608,,,,,,Website 1,1,0,0,0,0,0,0,0,0,0,0,0,0
146,115640,,,,,,Website 1,1,0,0,0,0,0,0,0,0,0,0,0,0
147,115688,,,,,,Website 1,1,0,0,0,0,0,0,0,0,0,0,0,0
148,115721,,,,,,Website 1,1,0,0,0,0,0,0,0,0,0,0,0,0
149,115752,,,,,,Website 1,1,0,0,0,0,0,0,0,0,0,0,0,0
150,115784,,,,,,Website 1,1,0,0,0,0,0,0,0,0,0,0,0,0
151,115816,,,,,,Website 1,1,0,0,0,0,0,0,0,0,0,0,0,0
152,115849,,,,,,Website 1,1,0,0,0,0,0,0,0,0,0,0,0,0
153,115881,,,,,,Website 1,1,0,0,0,0,0,0,0,0,0,0,0,0
154,115913,,,,,,Website 1,1,0,0,0,0,0,0,0,0,0,0,0,0
155,115945,,,,,,Website 1,1,0,0,0,0,0,0,0,0,0,0,0,0
156,115977,,,,,,Website 1,1,0,0,0,0,0,0,0,0,0,0,0,0
157,116008,,,,,,Website 1,1,0,0,0,0,0,0,0,0,0,0,0,0
158,116040,,,,,,Website 1,1,0,0,0,0,0,0,0,0,0,0,0,0
159,116088,,,,,,Website 1,1,0,0,0,0,0,0,0,0,0,0,0,0
160,116120,,,,,,Website 1,1,0,0,0,0,0,0,0,0,0,0,0,0
161,116152,,,,,,Website 1,1,0,0,0,0,0,0,0,0,0,0,0,0
162,116185,,,,,,Website 1,1,0,0,0,0,0,0,0,0,0,0,0,0
163,116217,,,,,,Website 1,1,0,0,0,0,0,0,0,0,0,0,0,0
164,116249,,,,,,Website 1,1,0,0,0,0,0,0,0,0,0,0,0,0
165,116280,,,,,,Website 1,1,0,0,0,0,0,0,0,0,0,0,0,0
166,116313,,,,,,Website 1,1,0,0,0,0,0,0,0,0,0,0,0,0
167,116344,,,,,,Website 1,1,0,0,0,0,0,0,0,0,0,0,0,0
168,116376,,,,,,Website 1,1,0,0,0,0,0,0,0,0,0,0,0,0
169,116408,,,,,,Website 1,1,0,0,0,0,0,0,0,0,0,0,0,0
170,116441,,,,,,Website 1,1,0,0,0,0,0,0,0,0,0,0,0,0
171,116488,,,,,,Website 1,1,0,0,0,0,0,0,0,0,0,0,0,0
172,116520,,,,,,Website 1,1,0,0,0,0,0,0,0,0,0,0,0,0
173,116552,,,,,,Website 1,1,0,0,0,0,0,0,0,0,0,0,0,0
174,116584,,,,,,Website 1,1,0,0,0,0,0,0,0,0,0,0,0,0
175,116616,,,,,,Website 1,1,0,0,0,0,0,0,0,0,0,0,0,0
176,116648,,,,,,Website 1,1,0,0,0,0,0,0,0,0,0,0,0,0
177,116680,,,,,,Website 1,1,0,0,0,0,0,0,0,0,0,0,0,0
178,116713,,,,,,Website 1,1,0,0,0,0,0,0,0,0,0,0,0,0
179,116745,,,,,,Website 1,1,0,0,0,0,0,0,0,0,0,0,0,0
180,116777,,,,,,Website 1,1,0,0,0,0,0,0,0,0,0,0,0,0
181,116809,,,,,,Website 1,1,0,0,0,0,0,0,0,0,0,0,0,0
182,116840,,,,,,Website 1,1,0,0,0,0,0,0,0,0,0,0,0,0
183,116888,,,,,,Website 1,1,0,0,0,0,0,0,0,0,0,0,0,0
184,116921,,,,,,Website 1,1,0,0,0,0,0,0,0,0,0,0,0,0
185,116952,,,,,,Website 1,1,0,0,0,0,0,0,0,0,0,0,0,0
186,116985,,,,,,Website 1,1,0,0,0,0,0,0,0,0,0,0,0,0
187,117017,,,,,,Website 1,1,0,0,0,0,0,0,0,0,0,0,0,0
188,117049,,,,,,Website 1,1,0,0,0,0,0,0,0,0,0,0,0,0
189,117080,,,,,,Website 1,1,0,0,0,0,0,0,0,0,0,0,0,0
190,117112,,,,,,Website 1,1,0,0,0,0,0,0,0,0,0,0,0,0
191,117146,,,,,,Website 1,1,0,0,0,0,0,0,0,0,0,0,0,0
192,117177,,,,,,Website 1,1,0,0,0,0,0,0,0,0,0,0,0,0
193,117209,,,,,,Website 1,1,0,0,0,0,0,0,0,0,0,0,0,0
194,117241,,,,,,Website 1,1,0,0,0,0,0,0,0,0,0,0,0,0
195,117289,,,,,,Website 1,1,0,0,0,0,0,0,0,0,0,0,0,0
196,117320,,,,,,Website 1,1,0,0,0,0,0,0,0,0,0,0,0,0
197,117353,,,,,,Website 1,1,0,0,0,0,0,0,0,0,0,0,0,0
198,117384,,,,,,Website 1,1,0,0,0,0,0,0,0,0,0,0,0,0
199,117417,,,,,,Website 1,1,0,0,0,0,0,0,0,0,0,0,0,0
200,117449,,,,,,Website 1,1,0,0,0,0,0,0,0,0,0,0,0,0
201,117481,,,,,,Website 1,1,0,0,0,0,0,0,0,0,0,0,0,0
202,117513,,,,,,Website 1,1,0,0,0,0,0,0,0,0,0,0,0,0
203,117545,,,,,,Website 1,1,0,0,0,0,0,0,0,0,0,0,0,0
204,117577,,,,,,Website 1,1,0,0,0,0,0,0,0,0,0,0,0,0
205,117609,,,,,,Website 1,1,0,0,0,0,0,0,0,0,0,0,0,0
206,117641,,,,,,Website 1,1,0,0,0,0,0,0,0,0,0,0,0,0
207,117689,,,,,,Website 1,1,0,0,0,0,0,0,0,0,0,0,0,0
208,117721,,,,,,Website 1,1,0,0,0,0,0,0,0,0,0,0,0,0
209,117753,,,,,,Website 1,1,0,0,0,0,0,0,0,0,0,0,0,0
210,117785,,,,,,Website 1,1,0,0,0,0,0,0,0,0,0,0,0,0
211,117817,,,,,,Website 1,1,0,0,0,0,0,0,0,0,0,0,0,0
212,117849,,,,,,Website 1,1,0,0,0,0,0,0,0,0,0,0,0,0
213,117880,,,,,,Website 1,1,0,0,0,0,0,0,0,0,0,0,0,0
214,117913,,,,,,Website 1,1,0,0,0,0,0,0,0,0,0,0,0,0
215,117945,,,,,,Website 1,1,0,0,0,0,0,0,0,0,0,0,0,0
216,117977,,,,,,Website 1,1,0,0,0,0,0,0,0,0,0,0,0,0
217,118009,,,,,,Website 1,1,0,0,0,0,0,0,0,0,0,0,0,0
218,118041,,,,,,Website 1,1,0,0,0,0,0,0,0,0,0,0,0,0
219,118089,,,,,,Website 1,1,0,0,0,0,0,0,0,0,0,0,0,0
220,118121,,,,,,Website 1,1,0,0,0,0,0,0,0,0,0,0,0,0
221,118152,,,,,,Website 1,1,0,0,0,0,0,0,0,0,0,0,0,0
222,118184,,,,,,Website 1,1,0,0,0,0,0,0,0,0,0,0,0,0
223,118216,,,,,,Website 1,1,0,0,0,0,0,0,0,0,0,0,0,0
224,118249,,,,,,Website 1,1,0,0,0,0,0,0,0,0,0,0,0,0
225,118281,,,,,,Website 1,1,0,0,0,0,0,0,0,0,0,0,0,0
226,118312,,,,,,Website 1,1,0,0,0,0,0,0,0,0,0,0,0,0
227,118345,,,,,,Website 1,1,0,0,0,0,0,0,0,0,0,0,0,0
228,118377,,,,,,Website 1,1,0,0,0,0,0,0,0,0,0,0,0,0
229,118409,,,,,,Website 1,1,0,0,0,0,0,0,0,0,0,0,0,0
230,118441,,,,,,Website 1,1,0,0,0,0,0,0,0,0,0,0,0,0
231,118489,,,,,,Website 1,1,0,0,0,0,0,0,0,0,0,0,0,0
232,118520,,,,,,Website 1,1,0,0,0,0,0,0,0,0,0,0,0,0
233,118553,,,,,,Website 1,1,0,0,0,0,0,0,0,0,0,0,0,0
234,118584,,,,,,Website 1,1,0,0,0,0,0,0,0,0,0,0,0,0
235,118616,,,,,,Website 1,1,0,0,0,0,0,0,0,0,0,0,0,0
236,118649,,,,,,Website 1,1,0,0,0,0,0,0,0,0,0,0,0,0
237,118680,,,,,,Website 1,1,0,0,0,0,0,0,0,0,0,0,0,0
238,118712,,,,,,Website 1,1,0,0,0,0,0,0,0,0,0,0,0,0
239,118745,,,,,,Website 1,1,0,0,0,0,0,0,0,0,0,0,0,0
240,118777,,,,,,Website 1,1,0,0,0,0,0,0,0,0,0,0,0,0
241,118809,,,,,,Website 1,1,0,0,0,0,0,0,0,0,0,0,0,0
242,118841,,,,,,Website 1,1,0,0,0,0,0,0,0,0,0,0,0,0
243,118888,,,,,,Website 1,1,0,0,0,0,0,0,0,0,0,0,0,0
244,118920,,,,,,Website 1,1,0,0,0,0,0,0,0,0,0,0,0,0
245,118952,,,,,,Website 1,1,0,0,0,0,0,0,0,0,0,0,0,0
246,118985,,,,,,Website 1,1,0,0,0,0,0,0,0,0,0,0,0,0
247,119017,,,,,,Website 1,1,0,0,0,0,0,0,0,0,0,0,0,0
248,119049,,,,,,Website 1,1,0,0,0,0,0,0,0,0,0,0,0,0
249,119081,,,,,,Website 1,1,0,0,0,0,0,0,0,0,0,0,0,0
250,119113,,,,,,Website 1,1,0,0,0,0,0,0,0,0,0,0,0,0
251,119144,,,,,,Website 1,1,0,0,0,0,0,0,0,0,0,0,0,0
252,119176,,,,,,Website 1,1,0,0,0,0,0,0,0,0,0,0,0,0
253,119208,,,,,,Website 1,1,0,0,0,0,0,0,0,0,0,0,0,0
254,119241,,,,,,Website 1,1,0,0,0,0,0,0,0,0,0,0,0,0
255,119289,,,,,,Website 1,1,0,0,0,0,0,0,0,0,0,0,0,0
256,119321,,,,,,Website 1,1,0,0,0,0,0,0,0,0,0,0,0,0
257,119352,,,,,,Website 1,1,0,0,0,0,0,0,0,0,0,0,0,0
258,119384,,,,,,Website 1,1,0,0,0,0,0,0,0,0,0,0,0,0
259,119417,,,,,,Website 1,1,0,0,0,0,0,0,0,0,0,0,0,0
260,119448,,,,,,Website 1,1,0,0,0,0,0,0,0,0,0,0,0,0
261,119481,,,,,,Website 1,1,0,0,0,0,0,0,0,0,0,0,0,0
262,119513,,,,,,Website 1,1,0,0,0,0,0,0,0,0,0,0,0,0
263,119545,,,,,,Website 1,1,0,0,0,0,0,0,0,0,0,0,0,0
264,119577,,,,,,Website 1,1,0,0,0,0,0,0,0,0,0,0,0,0
265,119608,,,,,,Website 1,1,0,0,0,0,0,0,0,0,0,0,0,0
266,119641,,,,,,Website 1,1,0,0,0,0,0,0,0,0,0,0,0,0
267,119688,,,,,,Website 1,1,0,0,0,0,0,0,0,0,0,0,0,0
268,119721,,,,,,Website 1,1,0,0,0,0,0,0,0,0,0,0,0,0
269,119752,,,,,,Website 1,1,0,0,0,0,0,0,0,0,0,0,0,0
270,119785,,,,,,Website 1,1,0,0,0,0,0,0,0,0,0,0,0,0
271,119817,,,,,,Website 1,1,0,0,0,0,0,0,0,0,0,0,0,0
272,119849,,,,,,Website 1,1,0,0,0,0,0,0,0,0,0,0,0,0
273,119881,,,,,,Website 1,1,0,0,0,0,0,0,0,0,0,0,0,0
274,119912,,,,,,Website 1,1,0,0,0,0,0,0,0,0,0,0,0,0
275,119944,,,,,,Website 1,1,0,0,0,0,0,0,0,0,0,0,0,0
276,119977,,,,,,Website 1,1,0,0,0,0,0,0,0,0,0,0,0,0
277,120009,,,,,,Website 1,1,0,0,0,0,0,0,0,0,0,0,0,0
278,120056,,,,,,Website 1,1,0,0,0,0,0,0,0,0,0,0,0,0
279,120089,,,,,,Website 1,1,0,0,0,0,0,0,0,0,0,0,0,0
280,120120,,,,,,Website 1,1,0,0,0,0,0,0,0,0,0,0,0,0
281,120153,,,,,,Website 1,1,0,0,0,0,0,0,0,0,0,0,0,0
282,120185,,,,,,Website 1,1,0,0,0,0,0,0,0,0,0,0,0,0
283,120216,,,,,,Website 1,1,0,0,0,0,0,0,0,0,0,0,0,0
284,120248,,,,,,Website 1,1,0,0,0,0,0,0,0,0,0,0,0,0
285,120281,,,,,,Website 1,1,0,0,0,0,0,0,0,0,0,0,0,0
286,120314,,,,,,Website 1,1,0,0,0,0,0,0,0,0,0,0,0,0
287,120345,,,,,,Website 1,1,0,0,0,0,0,0,0,0,0,0,0,0
288,120376,,,,,,Website 1,1,0,0,0,0,0,0,0,0,0,0,0,0
289,120409,,,,,,Website 1,1,0,0,0,0,0,0,0,0,0,0,0,0
290,120456,,,,,,Website 1,1,0,0,0,0,0,0,0,0,0,0,0,0
291,120488,,,,,,Website 1,1,0,0,0,0,0,0,0,0,0,0,0,0
292,120520,,,,,,Website 1,1,0,0,0,0,0,0,0,0,0,0,0,0
293,120553,,,,,,Website 1,1,0,0,0,0,0,0,0,0,0,0,0,0
294,120585,,,,,,Website 1,1,0,0,0,0,0,0,0,0,0,0,0,0
295,120616,,,,,,Website 1,1,0,0,0,0,0,0,0,0,0,0,0,0
296,120648,,,,,,Website 1,1,0,0,0,0,0,0,0,0,0,0,0,0
297,120681,,,,,,Website 1,1,0,0,0,0,0,0,0,0,0,0,0,0
298,120713,,,,,,Website 1,1,0,0,0,0,0,0,0,0,0,0,0,0
299,120744,,,,,,Website 1,1,0,0,0,0,0,0,0,0,0,0,0,0
300,120776,,,,,,Website 1,1,0,0,0,0,0,0,0,0,0,0,0,0
301,120809,,,,,,Website 1,1,0,0,0,0,0,0,0,0,0,0,0,0
302,120857,,,,,,Website 1,1,0,0,0,0,0,0,0,0,0,0,0,0
303,120889,,,,,,Website 1,1,0,0,0,0,0,0,0,0,0,0,0,0
304,120921,,,,,,Website 1,1,0,0,0,0,0,0,0,0,0,0,0,0
305,120953,,,,,,Website 1,1,0,0,0,0,0,0,0,0,0,0,0,0
306,120984,,,,,,Website 1,1,0,0,0,0,0,0,0,0,0,0,0,0
307,121017,,,,,,Website 1,1,0,0,0,0,0,0,0,0,0,0,0,0
308,121049,,,,,,Website 1,1,0,0,0,0,0,0,0,0,0,0,0,0
309,121081,,,,,,Website 1,1,0,0,0,0,0,0,0,0,0,0,0,0
310,121113,,,,,,Website 1,1,0,0,0,0,0,0,0,0,0,0,0,0
311,121144,,,,,,Website 1,1,0,0,0,0,0,0,0,0,0,0,0,0
312,121177,,,,,,Website 1,1,0,0,0,0,0,0,0,0,0,0,0,0
313,121208,,,,,,Website 1,1,0,0,0,0,0,0,0,0,0,0,0,0
314,121256,,,,,,Website 1,1,0,0,0,0,0,0,0,0,0,0,0,0
315,121289,,,,,,Website 1,1,0,0,0,0,0,0,0,0,0,0,0,0
316,121321,,,,,,Website 1,1,0,0,0,0,0,0,0,0,0,0,0,0
317,121353,,,,,,Website 1,1,0,0,0,0,0,0,0,0,0,0,0,0
318,121385,,,,,,Website 1,1,0,0,0,0,0,0,0,0,0,0,0,0
319,121416,,,,,,Website 1,1,0,0,0,0,0,0,0,0,0,0,0,0
320,121449,,,,,,Website 1,1,0,0,0,0,0,0,0,0,0,0,0,0
321,121481,,,,,,Website 1,1,0,0,0,0,0,0,0,0,0,0,0,0
322,121513,,,,,,Website 1,1,0,0,0,0,0,0,0,0,0,0,0,0
323,121545,,,,,,Website 1,1,0,0,0,0,0,0,0,0,0,0,0,0
324,121577,,,,,,Website 1,1,0,0,0,0,0,0,0,0,0,0,0,0
325,121609,,,,,,Website 1,1,0,0,0,0,0,0,0,0,0,0,0,0
326,121656,,,,,,Website 1,1,0,0,0,0,0,0,0,0,0,0,0,0
327,121689,,,,,,Website 1,1,0,0,0,0,0,0,0,0,0,0,0,0
328,121720,,,,,,Website 1,1,0,0,0,0,0,0,0,0,0,0,0,0
329,121752,,,,,,Website 1,1,0,0,0,0,0,0,0,0,0,0,0,0
330,121784,,,,,,Website 1,1,0,0,0,0,0,0,0,0,0,0,0,0
331,121817,,,,,,Website 1,1,0,0,0,0,0,0,0,0,0,0,0,0
332,121849,,,,,,Website 1,1,0,0,0,0,0,0,0,0,0,0,0,0
333,121881,,,,,,Website 1,1,0,0,0,0,0,0,0,0,0,0,0,0
334,121914,,,,,,Website 1,1,0,0,0,0,0,0,0,0,0,0,0,0
335,121944,,,,,,Website 1,1,0,0,0,0,0,0,0,0,0,0,0,0
336,121977,,,,,,Website 1,1,0,0,0,0,0,0,0,0,0,0,0,0
337,122009,,,,,,Website 1,1,0,0,0,0,0,0,0,0,0,0,0,0
338,122057,,,,,,Website 1,1,0,0,0,0,0,0,0,0,0,0,0,0
339,122089,,,,,,Website 1,1,0,0,0,0,0,0,0,0,0,0,0,0
340,122121,,,,,,Website 1,1,0,0,0,0,0,0,0,0,0,0,0,0
341,122153,,,,,,Website 1,1,0,0,0,0,0,0,0,0,0,0,0,0
342,122184,,,,,,Website 1,1,0,0,0,0,0,0,0,0,0,0,0,0
343,122216,,,,,,Website 1,1,0,0,0,0,0,0,0,0,0,0,0,0
344,122249,,,,,,Website 1,1,0,0,0,0,0,0,0,0,0,0,0,0
345,122280,,,,,,Website 1,1,0,0,0,0,0,0,0,0,0,0,0,0
346,122313,,,,,,Website 1,1,0,0,0,0,0,0,0,0,0,0,0,0
347,122345,,,,,,Website 1,1,0,0,0,0,0,0,0,0,0,0,0,0
348,122377,,,,,,Website 1,1,0,0,0,0,0,0,0,0,0,0,0,0
349,122409,,,,,,Website 1,1,0,0,0,0,0,0,0,0,0,0,0,0
350,122456,,,,,,Website 1,1,0,0,0,0,0,0,0,0,0,0,0,0
351,122488,,,,,,Website 1,1,0,0,0,0,0,0,0,0,0,0,0,0
352,122520,,,,,,Website 1,1,0,0,0,0,0,0,0,0,0,0,0,0
353,122552,,,,,,Website 1,1,0,0,0,0,0,0,0,0,0,0,0,0
354,122585,,,,,,Website 1,1,0,0,0,0,0,0,0,0,0,0,0,0
355,122617,,,,,,Website 1,1,0,0,0,0,0,0,0,0,0,0,0,0
356,122649,,,,,,Website 1,1,0,0,0,0,0,0,0,0,0,0,0,0
357,122680,,,,,,Website 1,1,0,0,0,0,0,0,0,0,0,0,0,0
358,122713,,,,,,Website 1,1,0,0,0,0,0,0,0,0,0,0,0,0
359,122744,,,,,,Website 1,1,0,0,0,0,0,0,0,0,0,0,0,0
360,122777,,,,,,Website 1,1,0,0,0,0,0,0,0,0,0,0,0,0
361,122809,,,,,,Website 1,1,0,0,0,0,0,0,0,0,0,0,0,0
362,122856,,,,,,Website 1,1,0,0,0,0,0,0,0,0,0,0,0,0
363,122889,,,,,,Website 1,1,0,0,0,0,0,0,0,0,0,0,0,0
364,122921,,,,,,Website 1,1,0,0,0,0,0,0,0,0,0,0,0,0
365,122953,,,,,,Website 1,1,0,0,0,0,0,0,0,0,0,0,0,0
366,122985,,,,,,Website 1,1,0,0,0,0,0,0,0,0,0,0,0,0
367,123017,,,,,,Website 1,1,0,0,0,0,0,0,0,0,0,0,0,0
368,123049,,,,,,Website 1,1,0,0,0,0,0,0,0,0,0,0,0,0
369,123080,,,,,,Website 1,1,0,0,0,0,0,0,0,0,0,0,0,0
370,123113,,,,,,Website 1,1,0,0,0,0,0,0,0,0,0,0,0,0
371,123145,,,,,,Website 1,1,0,0,0,0,0,0,0,0,0,0,0,0
372,123177,,,,,,Website 1,1,0,0,0,0,0,0,0,0,0,0,0,0
373,123208,,,,,,Website 1,1,0,0,0,0,0,0,0,0,0,0,0,0
374,123256,,,,,,Website 1,1,0,0,0,0,0,0,0,0,0,0,0,0
375,123288,,,,,,Website 1,1,0,0,0,0,0,0,0,0,0,0,0,0
376,123320,,,,,,Website 1,1,0,0,0,0,0,0,0,0,0,0,0,0
377,123353,,,,,,Website 1,1,0,0,0,0,0,0,0,0,0,0,0,0
378,123385,,,,,,Website 1,1,0,0,0,0,0,0,0,0,0,0,0,0
379,123416,,,,,,Website 1,1,0,0,0,0,0,0,0,0,0,0,0,0
380,123448,,,,,,Website 1,1,0,0,0,0,0,0,0,0,0,0,0,0
381,123480,,,,,,Website 1,1,0,0,0,0,0,0,0,0,0,0,0,0
382,123512,,,,,,Website 1,1,0,0,0,0,0,0,0,0,0,0,0,0
383,123545,,,,,,Website 1,1,0,0,0,0,0,0,0,0,0,0,0,0
384,123577,,,,,,Website 1,1,0,0,0,0,0,0,0,0,0,0,0,0
385,123609,,,,,,Website 1,1,0,0,0,0,0,0,0,0,0,0,0,0
386,123656,,,,,,Website 1,1,0,0,0,0,0,0,0,0,0,0,0,0
387,123688,,,,,,Website 1,1,0,0,0,0,0,0,0,0,0,0,0,0
388,123720,,,,,,Website 1,1,0,0,0,0,0,0,0,0,0,0,0,0
389,123752,,,,,,Website 1,1,0,0,0,0,0,0,0,0,0,0,0,0
390,123784,,,,,,Website 1,1,0,0,0,0,0,0,0,0,0,0,0,0
391,123816,,,,,,Website 1,1,0,0,0,0,0,0,0,0,0,0,0,0
392,123848,,,,,,Website 1,1,0,0,0,0,0,0,0,0,0,0,0,0
393,123881,,,,,,Website 1,1,0,0,0,0,0,0,0,0,0,0,0,0
394,123913,,,,,,Website 1,1,0,0,0,0,0,0,0,0,0,0,0,0
395,123945,,,,,,Website 1,1,0,0,0,0,0,0,0,0,0,0,0,0
396,123977,,,,,,Website 1,1,0,0,0,0,0,0,0,0,0,0,0,0
397,124008,,,,,,Website 1,1,0,0,0,0,0,0,0,0,0,0,0,0
398,124056,,,,,,Website 1,1,0,0,0,0,0,0,0,0,0,0,0,0
399,124088,,,,,,Website 1,1,0,0,0,0,0,0,0,0,0,0,0,0
400,124120,,,,,,Website 1,1,0,0,0,0,0,0,0,0,0,0,0,0
401,124153,,,,,,Website 1,1,0,0,0,0,0,0,0,0,0,0,0,0
402,124185,,,,,,Website 1,1,0,0,0,0,0,0,0,0,0,0,0,0
403,124216,,,,,,Website 1,1,0,0,0,0,0,0,0,0,0,0,0,0
404,124249,,,,,,Website 1,1,0,0,0,0,0,0,0,0,0,0,0,0
405,124281,,,,,,Website 1,1,0,0,0,0,0,0,0,0,0,0,0,0
406,124312,,,,,,Website 1,1,0,0,0,0,0,0,0,0,0,0,0,0
407,124345,,,,,,Website 1,1,0,0,0,0,0,0,0,0,0,0,0,0
408,124377,,,,,,Website 1,1,0,0,0,0,0,0,0,0,0,0,0,0
409,124409,,,,,,Website 1,1,0,0,0,0,0,0,0,0,0,0,0,0
410,124456,,,,,,Website 1,1,0,0,0,0,0,0,0,0,0,0,0,0
411,124488,,,,,,Website 1,1,0,0,0,0,0,0,0,0,0,0,0,0
412,124520,,,,,,Website 1,1,0,0,0,0,0,0,0,0,0,0,0,0
413,124553,,,,,,Website 1,1,0,0,0,0,0,0,0,0,0,0,0,0
414,124584,,,,,,Website 1,1,0,0,0,0,0,0,0,0,0,0,0,0
415,124616,,,,,,Website 1,1,0,0,0,0,0,0,0,0,0,0,0,0
416,124649,,,,,,Website 1,1,0,0,0,0,0,0,0,0,0,0,0,0
417,124681,,,,,,Website 1,1,0,0,0,0,0,0,0,0,0,0,0,0
418,124712,,,,,,Website 1,1,0,0,0,0,0,0,0,0,0,0,0,0
419,124745,,,,,,Website 1,1,0,0,0,0,0,0,0,0,0,0,0,0
420,124777,,,,,,Website 1,1,0,0,0,0,0,0,0,0,0,0,0,0
421,124809,,,,,,Website 1,1,0,0,0,0,0,0,0,0,0,0,0,0
422,124856,,,,,,Website 1,1,0,0,0,0,0,0,0,0,0,0,0,0
423,124889,,,,,,Website 1,1,0,0,0,0,0,0,0,0,0,0,0,0
424,124921,,,,,,Website 1,1,0,0,0,0,0,0,0,0,0,0,0,0
425,124953,,,,,,Website 1,1,0,0,0,0,0,0,0,0,0,0,0,0
426,124984,,,,,,Website 1,1,0,0,0,0,0,0,0,0,0,0,0,0
427,125016,,,,,,Website 1,1,0,0,0,0,0,0,0,0,0,0,0,0
428,125049,,,,,,Website 1,1,0,0,0,0,0,0,0,0,0,0,0,0
429,125081,,,,,,Website 1,1,0,0,0,0,0,0,0,0,0,0,0,0
430,125113,,,,,,Website 1,1,0,0,0,0,0,0,0,0,0,0,0,0
431,125145,,,,,,Website 1,1,0,0,0,0,0,0,0,0,0,0,0,0
432,125177,,,,,,Website 1,1,0,0,0,0,0,0,0,0,0,0,0,0
433,125209,,,,,,Website 1,1,0,0,0,0,0,0,0,0,0,0,0,0
434,125256,,,,,,Website 1,1,0,0,0,0,0,0,0,0,0,0,0,0
435,125288,,,,,,Website 1,1,0,0,0,0,0,0,0,0,0,0,0,0
436,125320,,,,,,Website 1,1,0,0,0,0,0,0,0,0,0,0,0,0
437,125352,,,,,,Website 1,1,0,0,0,0,0,0,0,0,0,0,0,0
438,125384,,,,,,Website 1,1,0,0,0,0,0,0,0,0,0,0,0,0
439,125417,,,,,,Website 1,1,0,0,0,0,0,0,0,0,0,0,0,0
440,125449,,,,,,Website 1,1,0,0,0,0,0,0,0,0,0,0,0,0
441,125480,,,,,,Website 1,1,0,0,0,0,0,0,0,0,0,0,0,0
442,125513,,,,,,Website 1,1,0,0,0,0,0,0,0,0,0,0,0,0
443,125544,,,,,,Website 1,1,0,0,0,0,0,0,0,0,0,0,0,0
444,125576,,,,,,Website 1,1,0,0,0,0,0,0,0,0,0,0,0,0
445,125609,,,,,,Website 1,1,0,0,0,0,0,0,0,0,0,0,0,0
446,125657,,,,,,Website 1,1,0,0,0,0,0,0,0,0,0,0,0,0
447,125688,,,,,,Website 1,1,0,0,0,0,0,0,0,0,0,0,0,0
448,125721,,,,,,Website 1,1,0,0,0,0,0,0,0,0,0,0,0,0
449,125752,,,,,,Website 1,1,0,0,0,0,0,0,0,0,0,0,0,0
450,125784,,,,,,Website 1,1,0,0,0,0,0,0,0,0,0,0,0,0
451,125816,,,,,,Website 1,1,0.095835208892822266,0.17047323286533356,0.019263003021478653,0.23337288200855255,0.025991866365075111,0.23187337815761566,0.125994011759758,0.3287661075592041,0,0.57222425937652588,7.6324062347412109,99.53326416015625
452,125848,,,,,,Website 1,1,0.096910357475280762,0.16867329180240631,0.019835339859127998,0.22909227013587952,0.026419024914503098,0.21942684054374695,0.13330136239528656,0.3287661075592041,0,0.80563193559646606,6.0273118019104004,99.541816711425781
453,125880,,,,,,Website 1,1,0.089828260242938995,0.17508192360401154,0.018134923651814461,0.2697543203830719,0.026592763140797615,0.29883357882499695,0.17463953793048859,0.39364522695541382,0,1.3722920417785645,6.7499403953552246,99.40234375
454,125913,,,,,,Website 1,1,0.086311139166355133,0.17913705110549927,0.01733827218413353,0.29509985446929932,0.026488613337278366,0.34499168395996094,0.19853596389293671,0.52871531248092651,0,1.5091739892959595,10.139813423156738,99.310012817382813
455,125945,,,,,,Website 1,1,0.084248945116996765,0.18476712703704834,0.016830028966069221,0.3124224841594696,0.026273608207702637,0.38563123345375061,0.22577713429927826,0.59694206714630127,0,1.7879058122634888,15.898683547973633,99.228729248046875
456,125977,,,,,,Website 1,1,0,0,0,0,0,0,0,0,0,0,0,0
457,126009,,,,,,Website 1,1,0,0,0,0,0,0,0,0,0,0,0,0
458,126056,,,,,,Website 1,1,0,0,0,0,0,0,0,0,0,0,0,0
459,126088,,,,,,Website 1,1,0,0,0,0,0,0,0,0,0,0,0,0
460,126121,,,,,,Website 1,1,0,0,0,0,0,0,0,0,0,0,0,0
461,126152,,,,,,Website 1,1,0,0,0,0,0,0,0,0,0,0,0,0
462,126185,,,,,,Website 1,1,0,0,0,0,0,0,0,0,0,0,0,0
463,126216,,,,,,Website 1,1,0,0,0,0,0,0,0,0,0,0,0,0
464,126248,,,,,,Website 1,1,0,0,0,0,0,0,0,0,0,0,0,0
465,126280,,,,,,Website 1,1,0,0,0,0,0,0,0,0,0,0,0,0
466,126313,,,,,,Website 1,1,0,0,0,0,0,0,0,0,0,0,0,0
467,126344,,,,,,Website 1,1,0.095980457961559296,0.14144663512706757,0.020874133333563805,0.20221139490604401,0.031080365180969238,0.15725459158420563,0.10840553790330887,0.3287661075592041,0,0.2299153208732605,5.5202150344848633,99.5955810546875
468,126377,,,,,,Website 1,1,0.097787156701087952,0.14119885861873627,0.021202439442276955,0.18217502534389496,0.033040709793567657,0.15086525678634644,0.097215257585048676,0.3287661075592041,0,0.67024821043014526,7.1471776962280273,99.635643005371094
469,126409,,,,,,Website 1,1,0.098978295922279358,0.14150369167327881,0.021561570465564728,0.17056810855865479,0.033685196191072464,0.14643162488937378,0.090433992445468903,0.3287661075592041,0,1.0783001184463501,6.1689224243164063,99.658859252929688
470,126456,,,,,,Website 1,1,0.09755251556634903,0.13706107437610626,0.0210599135607481,0.16385029256343842,0.036235660314559937,0.14538487792015076,0.088324278593063354,0.3287661075592041,0,1.4694525003433228,6.277371883392334,99.67230224609375
471,126489,,,,,,Website 1,1,0.096235834062099457,0.13543964922428131,0.021625068038702011,0.16172343492507935,0.037363577634096146,0.14598524570465088,0.088560909032821655,0.3287661075592041,0,1.6159892082214355,6.4024128913879395,99.676551818847656
472,126521,,,,,,Website 1,1,0.098171934485435486,0.14008377492427826,0.022169861942529678,0.15757107734680176,0.036094095557928085,0.14660771191120148,0.085314325988292694,0.3287661075592041,0,1.6438329219818115,6.0801606178283691,99.684860229492188
473,126552,,,,,,Website 1,1,0.099400095641613007,0.14184814691543579,0.022532438859343529,0.15188492834568024,0.036524247378110886,0.14465886354446411,0.082074545323848724,0.3287661075592041,0,1.6342787742614746,5.7360763549804688,99.696235656738281
474,126584,,,,,,Website 1,1,0.097833611071109772,0.14045453071594238,0.023369846865534782,0.14700347185134888,0.038142405450344086,0.14180512726306915,0.081092961132526398,0.3287661075592041,0,1.7365401983261108,5.6526665687561035,99.70599365234375
475,126616,,,,,,Website 1,1,0,0,0,0,0,0,0,0,0,0,0,0
476,126648,,,,,,Website 1,1,0,0,0,0,0,0,0,0,0,0,0,0
477,126681,,,,,,Website 1,1,0,0,0,0,0,0,0,0,0,0,0,0
478,126713,,,,,,Website 1,1,0,0,0,0,0,0,0,0,0,0,0,0
479,126745,,,,,,Website 1,1,0,0,0,0,0,0,0,0,0,0,0,0
480,126777,,,,,,Website 1,1,0,0,0,0,0,0,0,0,0,0,0,0
481,126809,,,,,,Website 1,1,0,0,0,0,0,0,0,0,0,0,0,0
482,126856,,,,,,Website 1,1,0,0,0,0,0,0,0,0,0,0,0,0
483,126888,,,,,,Website 1,1,0,0,0,0,0,0,0,0,0,0,0,0
484,126920,,,,,,Website 1,1,0,0,0,0,0,0,0,0,0,0,0,0
485,126953,,,,,,Website 1,1,0,0,0,0,0,0,0,0,0,0,0,0
486,126985,,,,,,Website 1,1,0,0,0,0,0,0,0,0,0,0,0,0
487,127016,,,,,,Website 1,1,0,0,0,0,0,0,0,0,0,0,0,0
488,127049,,,,,,Website 1,1,0,0,0,0,0,0,0,0,0,0,0,0
489,127080,,,,,,Website 1,1,0,0,0,0,0,0,0,0,0,0,0,0
490,127113,,,,,,Website 1,1,0,0,0,0,0,0,0,0,0,0,0,0
491,127144,,,,,,Website 1,1,0,0,0,0,0,0,0,0,0,0,0,0
492,127176,,,,,,Website 1,1,0,0,0,0,0,0,0,0,0,0,0,0
493,127209,,,,,,Website 1,1,0,0,0,0,0,0,0,0,0,0,0,0
494,127257,,,,,,Website 1,1,0,0,0,0,0,0,0,0,0,0,0,0
495,127288,,,,,,Website 1,1,0,0,0,0,0,0,0,0,0,0,0,0
496,127320,,,,,,Website 1,1,0,0,0,0,0,0,0,0,0,0,0,0
497,127352,,,,,,Website 1,1,0,0,0,0,0,0,0,0,0,0,0,0
498,127385,,,,,,Website 1,1,0,0,0,0,0,0,0,0,0,0,0,0
499,127416,,,,,,Website 1,1,0,0,0,0,0,0,0,0,0,0,0,0
500,127449,,,,,,Website 1,1,0,0,0,0,0,0,0,0,0,0,0,0
501,127481,,,,,,Website 1,1,0,0,0,0,0,0,0,0,0,0,0,0
502,127513,,,,,,Website 1,1,0,0,0,0,0,0,0,0,0,0,0,0
503,127544,,,,,,Website 1,1,0,0,0,0,0,0,0,0,0,0,0,0
504,127576,,,,,,Website 1,1,0,0,0,0,0,0,0,0,0,0,0,0
505,127609,,,,,,Website 1,1,0,0,0,0,0,0,0,0,0,0,0,0
506,127657,,,,,,Website 1,1,0,0,0,0,0,0,0,0,0,0,0,0
507,127688,,,,,,Website 1,1,0,0,0,0,0,0,0,0,0,0,0,0
508,127721,,,,,,Website 1,1,0,0,0,0,0,0,0,0,0,0,0,0
509,127753,,,,,,Website 1,1,0,0,0,0,0,0,0,0,0,0,0,0
510,127784,,,,,,Website 1,1,0,0,0,0,0,0,0,0,0,0,0,0
511,127817,,,,,,Website 1,1,0,0,0,0,0,0,0,0,0,0,0,0
512,127850,,,,,,Website 1,1,0,0,0,0,0,0,0,0,0,0,0,0
513,127881,,,,,,Website 1,1,0,0,0,0,0,0,0,0,0,0,0,0
514,127913,,,,,,Website 1,1,0,0,0,0,0,0,0,0,0,0,0,0
515,127945,,,,,,Website 1,1,0,0,0,0,0,0,0,0,0,0,0,0
516,127977,,,,,,Website 1,1,0,0,0,0,0,0,0,0,0,0,0,0
517,128009,,,,,,Website 1,1,0,0,0,0,0,0,0,0,0,0,0,0
518,128056,,,,,,Website 1,1,0,0,0,0,0,0,0,0,0,0,0,0
519,128088,,,,,,Website 1,1,0,0,0,0,0,0,0,0,0,0,0,0
520,128120,,,,,,Website 1,1,0,0,0,0,0,0,0,0,0,0,0,0
521,128152,,,,,,Website 1,1,0,0,0,0,0,0,0,0,0,0,0,0
522,128184,,,,,,Website 1,1,0,0,0,0,0,0,0,0,0,0,0,0
523,128217,,,,,,Website 1,1,0,0,0,0,0,0,0,0,0,0,0,0
524,128249,,,,,,Website 1,1,0,0,0,0,0,0,0,0,0,0,0,0
525,128281,,,,,,Website 1,1,0,0,0,0,0,0,0,0,0,0,0,0
526,128313,,,,,,Website 1,1,0,0,0,0,0,0,0,0,0,0,0,0
527,128345,,,,,,Website 1,1,0,0,0,0,0,0,0,0,0,0,0,0
528,128376,,,,,,Website 1,1,0,0,0,0,0,0,0,0,0,0,0,0
529,128409,,,,,,Website 1,1,0,0,0,0,0,0,0,0,0,0,0,0
530,128457,,,,,,Website 1,1,0,0,0,0,0,0,0,0,0,0,0,0
531,128489,,,,,,Website 1,1,0.10173358023166656,0.14478187263011932,0.022876828908920288,0.21172745525836945,0.025169167667627335,0.12712724506855011,0.11368414014577866,0.3287661075592041,0,0.34082683920860291,3.7261009216308594,99.5765380859375
532,128521,,,,,,Website 1,1,0.082321003079414368,0.10898930579423904,0.0221753790974617,0.32590401172637939,0.025346238166093826,0.116057388484478,0.20796084403991699,0.409819096326828,0,0.40496349334716797,5.7861080169677734,99.348190307617188
533,128552,,,,,,Website 1,1,0.089188449084758759,0.11675407737493515,0.022936869412660599,0.28397348523139954,0.025537040084600449,0.11478711664676666,0.19945456087589264,0.32970964908599854,0,0.5599629282951355,4.2671313285827637,99.432052612304688
534,128584,,,,,,Website 1,1,0.098927997052669525,0.13156644999980927,0.023696400225162506,0.23814882338047028,0.025696257129311562,0.12070339918136597,0.21602015197277069,0.3287661075592041,0,0.75888317823410034,3.4092183113098145,99.523696899414063
535,128616,,,,,,Website 1,1,0.10430202633142471,0.14154769480228424,0.023781253024935722,0.22114863991737366,0.026024548336863518,0.12837789952754974,0.25837457180023193,0.3287661075592041,0,0.76050162315368652,3.7613165378570557,99.483245849609375
536,128648,,,,,,Website 1,1,0,0,0,0,0,0,0,0,0,0,0,0
537,128681,,,,,,Website 1,1,0,0,0,0,0,0,0,0,0,0,0,0
538,128712,,,,,,Website 1,1,0,0,0,0,0,0,0,0,0,0,0,0
539,128745,,,,,,Website 1,1,0,0,0,0,0,0,0,0,0,0,0,0
540,128777,,,,,,Website 1,1,0,0,0,0,0,0,0,0,0,0,0,0
541,128809,,,,,,Website 1,1,0,0,0,0,0,0,0,0,0,0,0,0
542,128857,,,,,,Website 1,1,0,0,0,0,0,0,0,0,0,0,0,0
543,128888,,,,,,Website 1,1,0,0,0,0,0,0,0,0,0,0,0,0
544,128920,,,,,,Website 1,1,0,0,0,0,0,0,0,0,0,0,0,0
545,128952,,,,,,Website 1,1,0,0,0,0,0,0,0,0,0,0,0,0
546,128985,,,,,,Website 1,1,0,0,0,0,0,0,0,0,0,0,0,0
547,129017,,,,,,Website 1,1,0,0,0,0,0,0,0,0,0,0,0,0
548,129049,,,,,,Website 1,1,0,0,0,0,0,0,0,0,0,0,0,0
549,129080,,,,,,Website 1,1,0,0,0,0,0,0,0,0,0,0,0,0
550,129112,,,,,,Website 1,1,0,0,0,0,0,0,0,0,0,0,0,0
551,129144,,,,,,Website 1,1,0,0,0,0,0,0,0,0,0,0,0,0
552,129177,,,,,,Website 1,1,0,0,0,0,0,0,0,0,0,0,0,0
553,129209,,,,,,Website 1,1,0,0,0,0,0,0,0,0,0,0,0,0
554,129257,,,,,,Website 1,1,0,0,0,0,0,0,0,0,0,0,0,0
555,129289,,,,,,Website 1,1,0,0,0,0,0,0,0,0,0,0,0,0
556,129320,,,,,,Website 1,1,0,0,0,0,0,0,0,0,0,0,0,0
557,129352,,,,,,Website 1,1,0,0,0,0,0,0,0,0,0,0,0,0
558,129384,,,,,,Website 1,1,0,0,0,0,0,0,0,0,0,0,0,0
559,129416,,,,,,Website 1,1,0,0,0,0,0,0,0,0,0,0,0,0
560,129448,,,,,,Website 1,1,0,0,0,0,0,0,0,0,0,0,0,0
561,129481,,,,,,Website 1,1,0,0,0,0,0,0,0,0,0,0,0,0
562,129513,,,,,,Website 1,1,0,0,0,0,0,0,0,0,0,0,0,0
563,129545,,,,,,Website 1,1,0,0,0,0,0,0,0,0,0,0,0,0
564,129576,,,,,,Website 1,1,0,0,0,0,0,0,0,0,0,0,0,0
565,129609,,,,,,Website 1,1,0,0,0,0,0,0,0,0,0,0,0,0
566,129656,,,,,,Website 1,1,0,0,0,0,0,0,0,0,0,0,0,0
567,129688,,,,,,Website 1,1,0,0,0,0,0,0,0,0,0,0,0,0
568,129720,,,,,,Website 1,1,0,0,0,0,0,0,0,0,0,0,0,0
569,129753,,,,,,Website 1,1,0,0,0,0,0,0,0,0,0,0,0,0
570,129785,,,,,,Website 1,1,0,0,0,0,0,0,0,0,0,0,0,0
571,129817,,,,,,Website 1,1,0,0,0,0,0,0,0,0,0,0,0,0
572,129848,,,,,,Website 1,1,0,0,0,0,0,0,0,0,0,0,0,0
573,129881,,,,,,Website 1,1,0,0,0,0,0,0,0,0,0,0,0,0
574,129912,,,,,,Website 1,1,0,0,0,0,0,0,0,0,0,0,0,0
575,129945,,,,,,Website 1,1,0,0,0,0,0,0,0,0,0,0,0,0
576,129977,,,,,,Website 1,1,0,0,0,0,0,0,0,0,0,0,0,0
577,130009,,,,,,Website 1,1,0,0,0,0,0,0,0,0,0,0,0,0
578,130057,,,,,,Website 1,1,0,0,0,0,0,0,0,0,0,0,0,0
579,130088,,,,,,Website 1,1,0,0,0,0,0,0,0,0,0,0,0,0
580,130120,,,,,,Website 1,1,0,0,0,0,0,0,0,0,0,0,0,0
581,130152,,,,,,Website 1,1,0,0,0,0,0,0,0,0,0,0,0,0
582,130184,,,,,,Website 1,1,0,0,0,0,0,0,0,0,0,0,0,0
583,130216,,,,,,Website 1,1,0,0,0,0,0,0,0,0,0,0,0,0
584,130248,,,,,,Website 1,1,0,0,0,0,0,0,0,0,0,0,0,0
585,130281,,,,,,Website 1,1,0,0,0,0,0,0,0,0,0,0,0,0
586,130313,,,,,,Website 1,1,0,0,0,0,0,0,0,0,0,0,0,0
587,130344,,,,,,Website 1,1,0,0,0,0,0,0,0,0,0,0,0,0
588,130376,,,,,,Website 1,1,0,0,0,0,0,0,0,0,0,0,0,0
589,130409,,,,,,Website 1,1,0,0,0,0,0,0,0,0,0,0,0,0
590,130456,,,,,,Website 1,1,0,0,0,0,0,0,0,0,0,0,0,0
591,130488,,,,,,Website 1,1,0,0,0,0,0,0,0,0,0,0,0,0
592,130521,,,,,,Website 1,1,0,0,0,0,0,0,0,0,0,0,0,0
593,130553,,,,,,Website 1,1,0,0,0,0,0,0,0,0,0,0,0,0
594,130585,,,,,,Website 1,1,0,0,0,0,0,0,0,0,0,0,0,0
595,130616,,,,,,Website 1,1,0,0,0,0,0,0,0,0,0,0,0,0
596,130648,,,,,,Website 1,1,0,0,0,0,0,0,0,0,0,0,0,0
597,130681,,,,,,Website 1,1,0,0,0,0,0,0,0,0,0,0,0,0
598,130712,,,,,,Website 1,1,0,0,0,0,0,0,0,0,0,0,0,0
599,130745,,,,,,Website 1,1,0,0,0,0,0,0,0,0,0,0,0,0
600,130777,,,,,,Website 1,1,0,0,0,0,0,0,0,0,0,0,0,0
601,130824,,,,,,Website 1,1,0,0,0,0,0,0,0,0,0,0,0,0
602,130856,,,,,,Website 1,1,0,0,0,0,0,0,0,0,0,0,0,0
603,130888,,,,,,Website 1,1,0,0,0,0,0,0,0,0,0,0,0,0
604,130920,,,,,,Website 1,1,0,0,0,0,0,0,0,0,0,0,0,0
605,130952,,,,,,Website 1,1,0,0,0,0,0,0,0,0,0,0,0,0
606,130984,,,,,,Website 1,1,0,0,0,0,0,0,0,0,0,0,0,0
607,131016,,,,,,Website 1,1,0,0,0,0,0,0,0,0,0,0,0,0
608,131049,,,,,,Website 1,1,0,0,0,0,0,0,0,0,0,0,0,0
609,131081,,,,,,Website 1,1,0,0,0,0,0,0,0,0,0,0,0,0
610,131112,,,,,,Website 1,1,0,0,0,0,0,0,0,0,0,0,0,0
611,131145,,,,,,Website 1,1,0,0,0,0,0,0,0,0,0,0,0,0
612,131177,,,,,,Website 1,1,0,0,0,0,0,0,0,0,0,0,0,0
613,131224,,,,,,Website 1,1,0,0,0,0,0,0,0,0,0,0,0,0
614,131257,,,,,,Website 1,1,0,0,0,0,0,0,0,0,0,0,0,0
615,131289,,,,,,Website 1,1,0,0,0,0,0,0,0,0,0,0,0,0
616,131321,,,,,,Website 1,1,0,0,0,0,0,0,0,0,0,0,0,0
617,131352,,,,,,Website 1,1,0,0,0,0,0,0,0,0,0,0,0,0
618,131384,,,,,,Website 1,1,0,0,0,0,0,0,0,0,0,0,0,0
619,131416,,,,,,Website 1,1,0,0,0,0,0,0,0,0,0,0,0,0
620,131451,,,,,,Website 1,1,0,0,0,0,0,0,0,0,0,0,0,0
621,131481,,,,,,Website 1,1,0,0,0,0,0,0,0,0,0,0,0,0
622,131513,,,,,,Website 1,1,0,0,0,0,0,0,0,0,0,0,0,0
623,131545,,,,,,Website 1,1,0,0,0,0,0,0,0,0,0,0,0,0
624,131577,,,,,,Website 1,1,0,0,0,0,0,0,0,0,0,0,0,0
625,131624,,,,,,Website 1,1,0,0,0,0,0,0,0,0,0,0,0,0
626,131657,,,,,,Website 1,1,0,0,0,0,0,0,0,0,0,0,0,0
627,131688,,,,,,Website 1,1,0,0,0,0,0,0,0,0,0,0,0,0
628,131720,,,,,,Website 1,1,0,0,0,0,0,0,0,0,0,0,0,0
629,131752,,,,,,Website 1,1,0,0,0,0,0,0,0,0,0,0,0,0
630,131784,,,,,,Website 1,1,0,0,0,0,0,0,0,0,0,0,0,0
631,131817,,,,,,Website 1,1,0,0,0,0,0,0,0,0,0,0,0,0
632,131849,,,,,,Website 1,1,0,0,0,0,0,0,0,0,0,0,0,0
633,131880,,,,,,Website 1,1,0,0,0,0,0,0,0,0,0,0,0,0
634,131912,,,,,,Website 1,1,0,0,0,0,0,0,0,0,0,0,0,0
635,131945,,,,,,Website 1,1,0,0,0,0,0,0,0,0,0,0,0,0
636,131976,,,,,,Website 1,1,0,0,0,0,0,0,0,0,0,0,0,0
637,132024,,,,,,Website 1,1,0,0,0,0,0,0,0,0,0,0,0,0
638,132057,,,,,,Website 1,1,0,0,0,0,0,0,0,0,0,0,0,0
639,132089,,,,,,Website 1,1,0,0,0,0,0,0,0,0,0,0,0,0
640,132121,,,,,,Website 1,1,0,0,0,0,0,0,0,0,0,0,0,0
641,132152,,,,,,Website 1,1,0,0,0,0,0,0,0,0,0,0,0,0
642,132184,,,,,,Website 1,1,0,0,0,0,0,0,0,0,0,0,0,0
643,132216,,,,,,Website 1,1,0,0,0,0,0,0,0,0,0,0,0,0
644,132248,,,,,,Website 1,1,0,0,0,0,0,0,0,0,0,0,0,0
645,132280,,,,,,Website 1,1,0,0,0,0,0,0,0,0,0,0,0,0
646,132313,,,,,,Website 1,1,0,0,0,0,0,0,0,0,0,0,0,0
647,132345,,,,,,Website 1,1,0,0,0,0,0,0,0,0,0,0,0,0
648,132377,,,,,,Website 1,1,0,0,0,0,0,0,0,0,0,0,0,0
649,132424,,,,,,Website 1,1,0,0,0,0,0,0,0,0,0,0,0,0
650,132456,,,,,,Website 1,1,0,0,0,0,0,0,0,0,0,0,0,0
651,132488,,,,,,Website 1,1,0,0,0,0,0,0,0,0,0,0,0,0
652,132520,,,,,,Website 1,1,0,0,0,0,0,0,0,0,0,0,0,0
653,132552,,,,,,Website 1,1,0,0,0,0,0,0,0,0,0,0,0,0
654,132585,,,,,,Website 1,1,0,0,0,0,0,0,0,0,0,0,0,0
655,132617,,,,,,Website 1,1,0,0,0,0,0,0,0,0,0,0,0,0
656,132648,,,,,,Website 1,1,0,0,0,0,0,0,0,0,0,0,0,0
657,132680,,,,,,Website 1,1,0,0,0,0,0,0,0,0,0,0,0,0
658,132712,,,,,,Website 1,1,0,0,0,0,0,0,0,0,0,0,0,0
659,132744,,,,,,Website 1,1,0,0,0,0,0,0,0,0,0,0,0,0
660,132776,,,,,,Website 1,1,0,0,0,0,0,0,0,0,0,0,0,0
661,132824,,,,,,Website 1,1,0,0,0,0,0,0,0,0,0,0,0,0
662,132857,,,,,,Website 1,1,0,0,0,0,0,0,0,0,0,0,0,0
663,132889,,,,,,Website 1,1,0,0,0,0,0,0,0,0,0,0,0,0
664,132920,,,,,,Website 1,1,0,0,0,0,0,0,0,0,0,0,0,0
665,132952,,,,,,Website 1,1,0,0,0,0,0,0,0,0,0,0,0,0
666,132984,,,,,,Website 1,1,0,0,0,0,0,0,0,0,0,0,0,0
667,133016,,,,,,Website 1,1,0,0,0,0,0,0,0,0,0,0,0,0
668,133048,,,,,,Website 1,1,0,0,0,0,0,0,0,0,0,0,0,0
669,133080,,,,,,Website 1,1,0,0,0,0,0,0,0,0,0,0,0,0
670,133113,,,,,,Website 1,1,0,0,0,0,0,0,0,0,0,0,0,0
671,133145,,,,,,Website 1,1,0,0,0,0,0,0,0,0,0,0,0,0
672,133176,,,,,,Website 1,1,0,0,0,0,0,0,0,0,0,0,0,0
673,133224,,,,,,Website 1,1,0,0,0,0,0,0,0,0,0,0,0,0
674,133257,,,,,,Website 1,1,0,0,0,0,0,0,0,0,0,0,0,0
675,133288,,,,,,Website 1,1,0,0,0,0,0,0,0,0,0,0,0,0
676,133320,,,,,,Website 1,1,0,0,0,0,0,0,0,0,0,0,0,0
677,133352,,,,,,Website 1,1,0,0,0,0,0,0,0,0,0,0,0,0
678,133385,,,,,,Website 1,1,0,0,0,0,0,0,0,0,0,0,0,0
679,133416,,,,,,Website 1,1,0,0,0,0,0,0,0,0,0,0,0,0
680,133448,,,,,,Website 1,1,0,0,0,0,0,0,0,0,0,0,0,0
681,133481,,,,,,Website 1,1,0,0,0,0,0,0,0,0,0,0,0,0
682,133512,,,,,,Website 1,1,0,0,0,0,0,0,0,0,0,0,0,0
683,133545,,,,,,Website 1,1,0,0,0,0,0,0,0,0,0,0,0,0
684,133577,,,,,,Website 1,1,0,0,0,0,0,0,0,0,0,0,0,0
685,133624,,,,,,Website 1,1,0,0,0,0,0,0,0,0,0,0,0,0
686,133657,,,,,,Website 1,1,0,0,0,0,0,0,0,0,0,0,0,0
687,133688,,,,,,Website 1,1,0,0,0,0,0,0,0,0,0,0,0,0
688,133720,,,,,,Website 1,1,0,0,0,0,0,0,0,0,0,0,0,0
689,133752,,,,,,Website 1,1,0,0,0,0,0,0,0,0,0,0,0,0
690,133784,,,,,,Website 1,1,0,0,0,0,0,0,0,0,0,0,0,0
691,133816,,,,,,Website 1,1,0,0,0,0,0,0,0,0,0,0,0,0
692,133848,,,,,,Website 1,1,0,0,0,0,0,0,0,0,0,0,0,0
693,133881,,,,,,Website 1,1,0,0,0,0,0,0,0,0,0,0,0,0
694,133913,,,,,,Website 1,1,0,0,0,0,0,0,0,0,0,0,0,0
695,133944,,,,,,Website 1,1,0,0,0,0,0,0,0,0,0,0,0,0
696,133976,,,,,,Website 1,1,0,0,0,0,0,0,0,0,0,0,0,0
697,134024,,,,,,Website 1,1,0,0,0,0,0,0,0,0,0,0,0,0
698,134056,,,,,,Website 1,1,0,0,0,0,0,0,0,0,0,0,0,0
699,134088,,,,,,Website 1,1,0,0,0,0,0,0,0,0,0,0,0,0
700,134121,,,,,,Website 1,1,0,0,0,0,0,0,0,0,0,0,0,0
701,134153,,,,,,Website 1,1,0,0,0,0,0,0,0,0,0,0,0,0
702,134184,,,,,,Website 1,1,0,0,0,0,0,0,0,0,0,0,0,0
703,134216,,,,,,Website 1,1,0,0,0,0,0,0,0,0,0,0,0,0
704,134248,,,,,,Website 1,1,0,0,0,0,0,0,0,0,0,0,0,0
705,134280,,,,,,Website 1,1,0,0,0,0,0,0,0,0,0,0,0,0
706,134312,,,,,,Website 1,1,0,0,0,0,0,0,0,0,0,0,0,0
707,134344,,,,,,Website 1,1,0,0,0,0,0,0,0,0,0,0,0,0
708,134377,,,,,,Website 1,1,0,0,0,0,0,0,0,0,0,0,0,0
709,134424,,,,,,Website 1,1,0,0,0,0,0,0,0,0,0,0,0,0
710,134456,,,,,,Website 1,1,0,0,0,0,0,0,0,0,0,0,0,0
711,134489,,,,,,Website 1,1,0,0,0,0,0,0,0,0,0,0,0,0
712,134520,,,,,,Website 1,1,0,0,0,0,0,0,0,0,0,0,0,0
713,134552,,,,,,Website 1,1,0,0,0,0,0,0,0,0,0,0,0,0
714,134584,,,,,,Website 1,1,0,0,0,0,0,0,0,0,0,0,0,0
715,134617,,,,,,Website 1,1,0,0,0,0,0,0,0,0,0,0,0,0
716,134648,,,,,,Website 1,1,0,0,0,0,0,0,0,0,0,0,0,0
717,134681,,,,,,Website 1,1,0,0,0,0,0,0,0,0,0,0,0,0
718,134712,,,,,,Website 1,1,0,0,0,0,0,0,0,0,0,0,0,0
719,134744,,,,,,Website 1,1,0,0,0,0,0,0,0,0,0,0,0,0
720,134776,,,,,,Website 1,1,0,0,0,0,0,0,0,0,0,0,0,0
721,134824,,,,,,Website 1,1,0,0,0,0,0,0,0,0,0,0,0,0
722,134856,,,,,,Website 1,1,0,0,0,0,0,0,0,0,0,0,0,0
723,134889,,,,,,Website 1,1,0,0,0,0,0,0,0,0,0,0,0,0
724,134920,,,,,,Website 1,1,0,0,0,0,0,0,0,0,0,0,0,0
725,134952,,,,,,Website 1,1,0,0,0,0,0,0,0,0,0,0,0,0
726,134984,,,,,,Website 1,1,0,0,0,0,0,0,0,0,0,0,0,0
727,135016,,,,,,Website 1,1,0,0,0,0,0,0,0,0,0,0,0,0
728,135048,,,,,,Website 1,1,0,0,0,0,0,0,0,0,0,0,0,0
729,135080,,,,,,Website 1,1,0,0,0,0,0,0,0,0,0,0,0,0
730,135112,,,,,,Website 1,1,0,0,0,0,0,0,0,0,0,0,0,0
731,135145,,,,,,Website 1,1,0,0,0,0,0,0,0,0,0,0,0,0
732,135177,,,,,,Website 1,1,0,0,0,0,0,0,0,0,0,0,0,0
733,135224,,,,,,Website 1,1,0,0,0,0,0,0,0,0,0,0,0,0
734,135256,,,,,,Website 1,1,0,0,0,0,0,0,0,0,0,0,0,0
735,135289,,,,,,Website 1,1,0,0,0,0,0,0,0,0,0,0,0,0
736,135320,,,,,,Website 1,1,0,0,0,0,0,0,0,0,0,0,0,0
737,135352,,,,,,Website 1,1,0,0,0,0,0,0,0,0,0,0,0,0
738,135385,,,,,,Website 1,1,0,0,0,0,0,0,0,0,0,0,0,0
739,135417,,,,,,Website 1,1,0,0,0,0,0,0,0,0,0,0,0,0
740,135449,,,,,,Website 1,1,0,0,0,0,0,0,0,0,0,0,0,0
741,135480,,,,,,Website 1,1,0,0,0,0,0,0,0,0,0,0,0,0
742,135512,,,,,,Website 1,1,0,0,0,0,0,0,0,0,0,0,0,0
743,135544,,,,,,Website 1,1,0,0,0,0,0,0,0,0,0,0,0,0
744,135576,,,,,,Website 1,1,0,0,0,0,0,0,0,0,0,0,0,0
745,135624,,,,,,Website 1,1,0,0,0,0,0,0,0,0,0,0,0,0
746,135657,,,,,,Website 1,1,0,0,0,0,0,0,0,0,0,0,0,0
747,135689,,,,,,Website 1,1,0,0,0,0,0,0,0,0,0,0,0,0
748,135720,,,,,,Website 1,1,0,0,0,0,0,0,0,0,0,0,0,0
749,135752,,,,,,Website 1,1,0,0,0,0,0,0,0,0,0,0,0,0
750,135784,,,,,,Website 1,1,0,0,0,0,0,0,0,0,0,0,0,0
751,135817,,,,,,Website 1,1,0,0,0,0,0,0,0,0,0,0,0,0
752,135848,,,,,,Website 1,1,0,0,0,0,0,0,0,0,0,0,0,0
753,135880,,,,,,Website 1,1,0,0,0,0,0,0,0,0,0,0,0,0
754,135913,,,,,,Website 1,1,0,0,0,0,0,0,0,0,0,0,0,0
755,135945,,,,,,Website 1,1,0,0,0,0,0,0,0,0,0,0,0,0
756,135976,,,,,,Website 1,1,0,0,0,0,0,0,0,0,0,0,0,0
757,136024,,,,,,Website 1,1,0,0,0,0,0,0,0,0,0,0,0,0
758,136057,,,,,,Website 1,1,0,0,0,0,0,0,0,0,0,0,0,0
759,136088,,,,,,Website 1,1,0,0,0,0,0,0,0,0,0,0,0,0
760,136120,,,,,,Website 1,1,0,0,0,0,0,0,0,0,0,0,0,0
761,136152,,,,,,Website 1,1,0,0,0,0,0,0,0,0,0,0,0,0
762,136184,,,,,,Website 1,1,0,0,0,0,0,0,0,0,0,0,0,0
763,136217,,,,,,Website 1,1,0,0,0,0,0,0,0,0,0,0,0,0
764,136248,,,,,,Website 1,1,0,0,0,0,0,0,0,0,0,0,0,0
765,136281,,,,,,Website 1,1,0,0,0,0,0,0,0,0,0,0,0,0
766,136313,,,,,,Website 1,1,0,0,0,0,0,0,0,0,0,0,0,0
767,136345,,,,,,Website 1,1,0,0,0,0,0,0,0,0,0,0,0,0
768,136376,,,,,,Website 1,1,0,0,0,0,0,0,0,0,0,0,0,0
769,136424,,,,,,Website 1,1,0,0,0,0,0,0,0,0,0,0,0,0
770,136457,,,,,,Website 1,1,0,0,0,0,0,0,0,0,0,0,0,0
771,136489,,,,,,Website 1,1,0,0,0,0,0,0,0,0,0,0,0,0
772,136520,,,,,,Website 1,1,0,0,0,0,0,0,0,0,0,0,0,0
773,136552,,,,,,Website 1,1,0,0,0,0,0,0,0,0,0,0,0,0
774,136584,,,,,,Website 1,1,0,0,0,0,0,0,0,0,0,0,0,0
775,136616,,,,,,Website 1,1,0,0,0,0,0,0,0,0,0,0,0,0
776,136649,,,,,,Website 1,1,0,0,0,0,0,0,0,0,0,0,0,0
777,136681,,,,,,Website 1,1,0,0,0,0,0,0,0,0,0,0,0,0
778,136713,,,,,,Website 1,1,0,0,0,0,0,0,0,0,0,0,0,0
779,136745,,,,,,Website 1,1,0,0,0,0,0,0,0,0,0,0,0,0
780,136776,,,,,,Website 1,1,0,0,0,0,0,0,0,0,0,0,0,0
781,136825,,,,,,Website 1,1,0,0,0,0,0,0,0,0,0,0,0,0
782,136856,,,,,,Website 1,1,0,0,0,0,0,0,0,0,0,0,0,0
783,136888,,,,,,Website 1,1,0,0,0,0,0,0,0,0,0,0,0,0
784,136921,,,,,,Website 1,1,0,0,0,0,0,0,0,0,0,0,0,0
785,136953,,,,,,Website 1,1,0,0,0,0,0,0,0,0,0,0,0,0
786,136984,,,,,,Website 1,1,0,0,0,0,0,0,0,0,0,0,0,0
787,137016,,,,,,Website 1,1,0,0,0,0,0,0,0,0,0,0,0,0
788,137048,,,,,,Website 1,1,0,0,0,0,0,0,0,0,0,0,0,0
789,137081,,,,,,Website 1,1,0,0,0,0,0,0,0,0,0,0,0,0
790,137113,,,,,,Website 1,1,0,0,0,0,0,0,0,0,0,0,0,0
791,137145,,,,,,Website 1,1,0,0,0,0,0,0,0,0,0,0,0,0
792,137177,,,,,,Website 1,1,0,0,0,0,0,0,0,0,0,0,0,0
793,137225,,,,,,Website 1,1,0,0,0,0,0,0,0,0,0,0,0,0
794,137256,,,,,,Website 1,1,0,0,0,0,0,0,0,0,0,0,0,0
795,137288,,,,,,Website 1,1,0,0,0,0,0,0,0,0,0,0,0,0
796,137320,,,,,,Website 1,1,0,0,0,0,0,0,0,0,0,0,0,0
797,137352,,,,,,Website 1,1,0,0,0,0,0,0,0,0,0,0,0,0
798,137384,,,,,,Website 1,1,0,0,0,0,0,0,0,0,0,0,0,0
799,137416,,,,,,Website 1,1,0,0,0,0,0,0,0,0,0,0,0,0
800,137449,,,,,,Website 1,1,0,0,0,0,0,0,0,0,0,0,0,0
801,137480,,,,,,Website 1,1,0,0,0,0,0,0,0,0,0,0,0,0
802,137512,,,,,,Website 1,1,0,0,0,0,0,0,0,0,0,0,0,0
803,137544,,,,,,Website 1,1,0,0,0,0,0,0,0,0,0,0,0,0
804,137576,,,,,,Website 1,1,0,0,0,0,0,0,0,0,0,0,0,0
805,137624,,,,,,Website 1,1,0,0,0,0,0,0,0,0,0,0,0,0
806,137656,,,,,,Website 1,1,0,0,0,0,0,0,0,0,0,0,0,0
807,137689,,,,,,Website 1,1,0,0,0,0,0,0,0,0,0,0,0,0
808,137721,,,,,,Website 1,1,0,0,0,0,0,0,0,0,0,0,0,0
809,137752,,,,,,Website 1,1,0,0,0,0,0,0,0,0,0,0,0,0
810,137784,,,,,,Website 1,1,0,0,0,0,0,0,0,0,0,0,0,0
811,137816,,,,,,Website 1,1,0,0,0,0,0,0,0,0,0,0,0,0
812,137849,,,,,,Website 1,1,0,0,0,0,0,0,0,0,0,0,0,0
813,137881,,,,,,Website 1,1,0,0,0,0,0,0,0,0,0,0,0,0
814,137913,,,,,,Website 1,1,0,0,0,0,0,0,0,0,0,0,0,0
815,137945,,,,,,Website 1,1,0,0,0,0,0,0,0,0,0,0,0,0
816,137977,,,,,,Website 1,1,0,0,0,0,0,0,0,0,0,0,0,0
817,138024,,,,,,Website 1,1,0,0,0,0,0,0,0,0,0,0,0,0
818,138056,,,,,,Website 1,1,0,0,0,0,0,0,0,0,0,0,0,0
819,138088,,,,,,Website 1,1,0,0,0,0,0,0,0,0,0,0,0,0
820,138120,,,,,,Website 1,1,0,0,0,0,0,0,0,0,0,0,0,0
821,138152,,,,,,Website 1,1,0,0,0,0,0,0,0,0,0,0,0,0
822,138184,,,,,,Website 1,1,0,0,0,0,0,0,0,0,0,0,0,0
823,138217,,,,,,Website 1,1,0,0,0,0,0,0,0,0,0,0,0,0
824,138249,,,,,,Website 1,1,0,0,0,0,0,0,0,0,0,0,0,0
825,138280,,,,,,Website 1,1,0,0,0,0,0,0,0,0,0,0,0,0
826,138312,,,,,,Website 1,1,0,0,0,0,0,0,0,0,0,0,0,0
827,138344,,,,,,Website 1,1,0,0,0,0,0,0,0,0,0,0,0,0
828,138376,,,,,,Website 1,1,0,0,0,0,0,0,0,0,0,0,0,0
829,138424,,,,,,Website 1,1,0,0,0,0,0,0,0,0,0,0,0,0
830,138457,,,,,,Website 1,1,0,0,0,0,0,0,0,0,0,0,0,0
831,138489,,,,,,Website 1,1,0,0,0,0,0,0,0,0,0,0,0,0
832,138521,,,,,,Website 1,1,0,0,0,0,0,0,0,0,0,0,0,0
833,138552,,,,,,Website 1,1,0,0,0,0,0,0,0,0,0,0,0,0
834,138584,,,,,,Website 1,1,0,0,0,0,0,0,0,0,0,0,0,0
835,138616,,,,,,Website 1,1,0,0,0,0,0,0,0,0,0,0,0,0
836,138648,,,,,,Website 1,1,0,0,0,0,0,0,0,0,0,0,0,0
837,138681,,,,,,Website 1,1,0,0,0,0,0,0,0,0,0,0,0,0
838,138713,,,,,,Website 1,1,0,0,0,0,0,0,0,0,0,0,0,0
839,138745,,,,,,Website 1,1,0,0,0,0,0,0,0,0,0,0,0,0
840,138777,,,,,,Website 1,1,0,0,0,0,0,0,0,0,0,0,0,0
841,138824,,,,,,Website 1,1,0,0,0,0,0,0,0,0,0,0,0,0
842,138856,,,,,,Website 1,1,0,0,0,0,0,0,0,0,0,0,0,0
843,138888,,,,,,Website 1,1,0,0,0,0,0,0,0,0,0,0,0,0
844,138921,,,,,,Website 1,1,0,0,0,0,0,0,0,0,0,0,0,0
845,138952,,,,,,Website 1,1,0,0,0,0,0,0,0,0,0,0,0,0
846,138985,,,,,,Website 1,1,0,0,0,0,0,0,0,0,0,0,0,0
847,139017,,,,,,Website 1,1,0,0,0,0,0,0,0,0,0,0,0,0
848,139048,,,,,,Website 1,1,0,0,0,0,0,0,0,0,0,0,0,0
849,139080,,,,,,Website 1,1,0,0,0,0,0,0,0,0,0,0,0,0
850,139112,,,,,,Website 1,1,0,0,0,0,0,0,0,0,0,0,0,0
851,139144,,,,,,Website 1,1,0,0,0,0,0,0,0,0,0,0,0,0
852,139177,,,,,,Website 1,1,0,0,0,0,0,0,0,0,0,0,0,0
853,139224,,,,,,Website 1,1,0,0,0,0,0,0,0,0,0,0,0,0
854,139257,,,,,,Website 1,1,0,0,0,0,0,0,0,0,0,0,0,0
855,139288,,,,,,Website 1,1,0,0,0,0,0,0,0,0,0,0,0,0
856,139320,,,,,,Website 1,1,0,0,0,0,0,0,0,0,0,0,0,0
857,139353,,,,,,Website 1,1,0,0,0,0,0,0,0,0,0,0,0,0
858,139384,,,,,,Website 1,1,0,0,0,0,0,0,0,0,0,0,0,0
859,139417,,,,,,Website 1,1,0,0,0,0,0,0,0,0,0,0,0,0
860,139448,,,,,,Website 1,1,0,0,0,0,0,0,0,0,0,0,0,0
861,139481,,,,,,Website 1,1,0,0,0,0,0,0,0,0,0,0,0,0
862,139513,,,,,,Website 1,1,0,0,0,0,0,0,0,0,0,0,0,0
863,139545,,,,,,Website 1,1,0,0,0,0,0,0,0,0,0,0,0,0
864,139576,,,,,,Website 1,1,0,0,0,0,0,0,0,0,0,0,0,0
865,139624,,,,,,Website 1,1,0,0,0,0,0,0,0,0,0,0,0,0
866,139656,,,,,,Website 1,1,0,0,0,0,0,0,0,0,0,0,0,0
867,139688,,,,,,Website 1,1,0,0,0,0,0,0,0,0,0,0,0,0
868,139720,,,,,,Website 1,1,0,0,0,0,0,0,0,0,0,0,0,0
869,139752,,,,,,Website 1,1,0,0,0,0,0,0,0,0,0,0,0,0
870,139785,,,,,,Website 1,1,0,0,0,0,0,0,0,0,0,0,0,0
871,139817,,,,,,Website 1,1,0,0,0,0,0,0,0,0,0,0,0,0
872,139848,,,,,,Website 1,1,0,0,0,0,0,0,0,0,0,0,0,0
873,139880,,,,,,Website 1,1,0,0,0,0,0,0,0,0,0,0,0,0
874,139913,,,,,,Website 1,1,0,0,0,0,0,0,0,0,0,0,0,0
875,139945,,,,,,Website 1,1,0,0,0,0,0,0,0,0,0,0,0,0
876,139976,,,,,,Website 1,1,0,0,0,0,0,0,0,0,0,0,0,0
877,140025,,,,,,Website 1,1,0,0,0,0,0,0,0,0,0,0,0,0
878,140057,,,,,,Website 1,1,0,0,0,0,0,0,0,0,0,0,0,0
879,140088,,,,,,Website 1,1,0,0,0,0,0,0,0,0,0,0,0,0
880,140120,,,,,,Website 1,1,0,0,0,0,0,0,0,0,0,0,0,0
881,140152,,,,,,Website 1,1,0,0,0,0,0,0,0,0,0,0,0,0
882,140184,,,,,,Website 1,1,0,0,0,0,0,0,0,0,0,0,0,0
883,140216,,,,,,Website 1,1,0,0,0,0,0,0,0,0,0,0,0,0
884,140248,,,,,,Website 1,1,0,0,0,0,0,0,0,0,0,0,0,0
885,140281,,,,,,Website 1,1,0,0,0,0,0,0,0,0,0,0,0,0
886,140313,,,,,,Website 1,1,0,0,0,0,0,0,0,0,0,0,0,0
887,140344,,,,,,Website 1,1,0,0,0,0,0,0,0,0,0,0,0,0
888,140377,,,,,,Website 1,1,0,0,0,0,0,0,0,0,0,0,0,0
889,140425,,,,,,Website 1,1,0,0,0,0,0,0,0,0,0,0,0,0
890,140456,,,,,,Website 1,1,0,0,0,0,0,0,0,0,0,0,0,0
891,140488,,,,,,Website 1,1,0,0,0,0,0,0,0,0,0,0,0,0
892,140520,,,,,,Website 1,1,0,0,0,0,0,0,0,0,0,0,0,0
893,140552,,,,,,Website 1,1,0,0,0,0,0,0,0,0,0,0,0,0
894,140584,,,,,,Website 1,1,0,0,0,0,0,0,0,0,0,0,0,0
895,140616,,,,,,Website 1,1,0,0,0,0,0,0,0,0,0,0,0,0
896,140648,,,,,,Website 1,1,0,0,0,0,0,0,0,0,0,0,0,0
897,140681,,,,,,Website 1,1,0,0,0,0,0,0,0,0,0,0,0,0
898,140712,,,,,,Website 1,1,0,0,0,0,0,0,0,0,0,0,0,0
899,140744,,,,,,Website 1,1,0,0,0,0,0,0,0,0,0,0,0,0
900,140777,,,,,,Website 1,1,0,0,0,0,0,0,0,0,0,0,0,0
901,140825,,,,,,Website 1,1,0,0,0,0,0,0,0,0,0,0,0,0
902,140856,,,,,,Website 1,1,0,0,0,0,0,0,0,0,0,0,0,0
903,140888,,,,,,Website 1,1,0,0,0,0,0,0,0,0,0,0,0,0
904,140920,,,,,,Website 1,1,0,0,0,0,0,0,0,0,0,0,0,0
905,140952,,,,,,Website 1,1,0,0,0,0,0,0,0,0,0,0,0,0
906,140984,,,,,,Website 1,1,0,0,0,0,0,0,0,0,0,0,0,0
907,141017,,,,,,Website 1,1,0,0,0,0,0,0,0,0,0,0,0,0
908,141048,,,,,,Website 1,1,0,0,0,0,0,0,0,0,0,0,0,0
909,141081,,,,,,Website 1,1,0,0,0,0,0,0,0,0,0,0,0,0
910,141112,,,,,,Website 1,1,0,0,0,0,0,0,0,0,0,0,0,0
911,141144,,,,,,Website 1,1,0,0,0,0,0,0,0,0,0,0,0,0
912,141192,,,,,,Website 1,1,0,0,0,0,0,0,0,0,0,0,0,0
913,141225,,,,,,Website 1,1,0,0,0,0,0,0,0,0,0,0,0,0
914,141256,,,,,,Website 1,1,0,0,0,0,0,0,0,0,0,0,0,0
915,141288,,,,,,Website 1,1,0,0,0,0,0,0,0,0,0,0,0,0
916,141321,,,,,,Website 1,1,0,0,0,0,0,0,0,0,0,0,0,0
917,141352,,,,,,Website 1,1,0,0,0,0,0,0,0,0,0,0,0,0
918,141384,,,,,,Website 1,1,0,0,0,0,0,0,0,0,0,0,0,0
919,141416,,,,,,Website 1,1,0,0,0,0,0,0,0,0,0,0,0,0
920,141448,,,,,,Website 1,1,0,0,0,0,0,0,0,0,0,0,0,0
921,141480,,,,,,Website 1,1,0,0,0,0,0,0,0,0,0,0,0,0
922,141512,,,,,,Website 1,1,0,0,0,0,0,0,0,0,0,0,0,0
923,141544,,,,,,Website 1,1,0,0,0,0,0,0,0,0,0,0,0,0
924,141592,,,,,,Website 1,1,0,0,0,0,0,0,0,0,0,0,0,0
925,141624,,,,,,Website 1,1,0,0,0,0,0,0,0,0,0,0,0,0
926,141656,,,,,,Website 1,1,0,0,0,0,0,0,0,0,0,0,0,0
927,141688,,,,,,Website 1,1,0,0,0,0,0,0,0,0,0,0,0,0
928,141720,,,,,,Website 1,1,0,0,0,0,0,0,0,0,0,0,0,0
929,141752,,,,,,Website 1,1,0,0,0,0,0,0,0,0,0,0,0,0
930,141785,,,,,,Website 1,1,0,0,0,0,0,0,0,0,0,0,0,0
931,141817,,,,,,Website 1,1,0,0,0,0,0,0,0,0,0,0,0,0
932,141849,,,,,,Website 1,1,0,0,0,0,0,0,0,0,0,0,0,0
933,141880,,,,,,Website 1,1,0,0,0,0,0,0,0,0,0,0,0,0
934,141912,,,,,,Website 1,1,0,0,0,0,0,0,0,0,0,0,0,0
935,141944,,,,,,Website 1,1,0,0,0,0,0,0,0,0,0,0,0,0
936,141992,,,,,,Website 1,1,0,0,0,0,0,0,0,0,0,0,0,0
937,142024,,,,,,Website 1,1,0,0,0,0,0,0,0,0,0,0,0,0
938,142057,,,,,,Website 1,1,0,0,0,0,0,0,0,0,0,0,0,0
939,142089,,,,,,Website 1,1,0,0,0,0,0,0,0,0,0,0,0,0
940,142120,,,,,,Website 1,1,0,0,0,0,0,0,0,0,0,0,0,0
941,142152,,,,,,Website 1,1,0,0,0,0,0,0,0,0,0,0,0,0
942,142184,,,,,,Website 1,1,0,0,0,0,0,0,0,0,0,0,0,0
943,142216,,,,,,Website 1,1,0,0,0,0,0,0,0,0,0,0,0,0
944,142248,,,,,,Website 1,1,0,0,0,0,0,0,0,0,0,0,0,0
945,142280,,,,,,Website 1,1,0,0,0,0,0,0,0,0,0,0,0,0
946,142313,,,,,,Website 1,1,0,0,0,0,0,0,0,0,0,0,0,0
947,142345,,,,,,Website 1,1,0.081777699291706085,0.13720427453517914,0.018630459904670715,0.32905608415603638,0.026150276884436607,0.21515285968780518,0.19723525643348694,0.3287661075592041,0,0.61495661735534668,16.051513671875,99.341888427734375
948,142392,,,,,,Website 1,1,0.095606662333011627,0.14583885669708252,0.021084144711494446,0.25679591298103333,0.025583222508430481,0.1741907149553299,0.14417394995689392,0.3287661075592041,0,0.7842438817024231,9.6792430877685547,99.486404418945313
949,142424,,,,,,Website 1,1,0.093204259872436523,0.14147242903709412,0.020762398838996887,0.27304786443710327,0.026096630841493607,0.18493157625198364,0.15712161362171173,0.3287661075592041,0,1.3264298439025879,10.779073715209961,99.453903198242188
950,142456,,,,,,Website 1,1,0.089075617492198944,0.13638150691986084,0.02001870796084404,0.30308675765991211,0.026547344401478767,0.19489113986492157,0.17990909516811371,0.3287661075592041,0,1.0354025363922119,12.816914558410645,99.393829345703125
951,142488,,,,,,Website 1,1,0.087548822164535522,0.14078538119792938,0.019318001344799995,0.3133036196231842,0.026760043576359749,0.22011257708072662,0.18744005262851715,0.3287661075592041,0,1.0732377767562866,15.072154998779297,99.373397827148438
952,142520,,,,,,Website 1,1,0,0,0,0,0,0,0,0,0,0,0,0
953,142553,,,,,,Website 1,1,0,0,0,0,0,0,0,0,0,0,0,0
954,142584,,,,,,Website 1,1,0,0,0,0,0,0,0,0,0,0,0,0
955,142617,,,,,,Website 1,1,0,0,0,0,0,0,0,0,0,0,0,0
956,142649,,,,,,Website 1,1,0,0,0,0,0,0,0,0,0,0,0,0
957,142681,,,,,,Website 1,1,0,0,0,0,0,0,0,0,0,0,0,0
958,142712,,,,,,Website 1,1,0,0,0,0,0,0,0,0,0,0,0,0
959,142744,,,,,,Website 1,1,0,0,0,0,0,0,0,0,0,0,0,0
960,142792,,,,,,Website 1,1,0,0,0,0,0,0,0,0,0,0,0,0
961,142825,,,,,,Website 1,1,0,0,0,0,0,0,0,0,0,0,0,0
962,142857,,,,,,Website 1,1,0,0,0,0,0,0,0,0,0,0,0,0
963,142888,,,,,,Website 1,1,0.084729284048080444,0.13310840725898743,0.019829515367746353,0.34508693218231201,0.026203090324997902,0.18521054089069366,0.20950023829936981,0.3287661075592041,0,0.88403832912445068,13.099055290222168,99.309829711914063
964,142920,,,,,,Website 1,1,0.087556071579456329,0.12740729749202728,0.02083144523203373,0.31238001585006714,0.026758283376693726,0.15489909052848816,0.18737182021141052,0.3287661075592041,0,0.87798565626144409,9.9699182510375977,99.375244140625
965,142952,,,,,,Website 1,1,0.088561080396175385,0.13437783718109131,0.020386561751365662,0.30279356241226196,0.026514003053307533,0.16856132447719574,0.1819562166929245,0.3287661075592041,0,0.79339998960494995,11.223749160766602,99.394416809082031
966,142984,,,,,,Website 1,1,0.081879653036594391,0.13256476819515228,0.019281286746263504,0.35015863180160522,0.026427488774061203,0.19561119377613068,0.22000588476657867,0.3287661075592041,0,0.74666553735733032,14.823355674743652,99.2996826171875
967,143016,,,,,,Website 1,1,0.089960455894470215,0.14907090365886688,0.019925225526094437,0.28473970293998718,0.026274209842085838,0.19662393629550934,0.17020587623119354,0.3287661075592041,0,0.66694462299346924,13.164897918701172,99.430519104003906
968,143048,,,,,,Website 1,1,0.094361290335655212,0.15614704787731171,0.020450476557016373,0.2565925121307373,0.026279572397470474,0.19295427203178406,0.14856958389282227,0.3287661075592041,0,0.65109443664550781,11.822787284851074,99.486808776855469
969,143081,,,,,,Website 1,1,0.096834436058998108,0.15352709591388702,0.021494388580322266,0.24424733221530914,0.026488939300179482,0.17789216339588165,0.14542828500270844,0.3287661075592041,0,0.81678831577301025,9.9416427612304688,99.511505126953125
970,143112,,,,,,Website 1,1,0.095890052616596222,0.15052588284015656,0.021850712597370148,0.25267231464385986,0.026568055152893066,0.17936186492443085,0.15382742881774902,0.3287661075592041,0,1.0716118812561035,10.118956565856934,99.494651794433594
971,143144,,,,,,Website 1,1,0.094392001628875732,0.14683803915977478,0.021811371669173241,0.26123377680778503,0.026777753606438637,0.18072658777236938,0.15978027880191803,0.3287661075592041,0,1.1236917972564697,10.457109451293945,99.477523803710938
972,143192,,,,,,Website 1,1,0.090288355946540833,0.14364734292030334,0.021036792546510696,0.28313809633255005,0.027116443961858749,0.19681781530380249,0.17493723332881927,0.3287661075592041,0,1.1868996620178223,12.475678443908691,99.4337158203125
973,143224,,,,,,Website 1,1,0.091564305126667023,0.14233745634555817,0.021439759060740471,0.27570128440856934,0.026972053572535515,0.18665191531181335,0.17104440927505493,0.3287661075592041,0,1.3403654098510742,11.245274543762207,99.448600769042969
974,143256,,,,,,Website 1,1,0.094030983746051788,0.14488235116004944,0.021676715463399887,0.25892123579978943,0.027271334081888199,0.18069252371788025,0.16009671986103058,0.3287661075592041,0,1.3761451244354248,10.221247673034668,99.482154846191406
975,143288,,,,,,Website 1,1,0.088025696575641632,0.14043180644512177,0.020732587203383446,0.29525071382522583,0.027371333912014961,0.19690026342868805,0.18973328173160553,0.3287661075592041,0,1.4656091928482056,12.613794326782227,99.409500122070313
976,143321,,,,,,Website 1,1,0.082908026874065399,0.13549357652664185,0.019871136173605919,0.33404263854026794,0.027494547888636589,0.2172248363494873,0.22022517025470734,0.3287661075592041,0,1.6057405471801758,15.088852882385254,99.331916809082031
977,143352,,,,,,Website 1,1,0.081208065152168274,0.14371734857559204,0.018758676946163177,0.34871572256088257,0.027610104531049728,0.26808783411979675,0.23275101184844971,0.34164881706237793,0,1.740837574005127,18.727291107177734,99.302566528320313
978,143384,,,,,,Website 1,1,0.08466782420873642,0.15786971151828766,0.018462620675563812,0.32127866148948669,0.027816008776426315,0.31666547060012817,0.2095639705657959,0.39371365308761597,0,2.06591796875,20.467092514038086,99.357437133789063
979,143416,,,,,,Website 1,1,0,0,0,0,0,0,0,0,0,0,0,0
980,143448,,,,,,Website 1,1,0.083425998687744141,0.168195441365242,0.017259281128644943,0.32166844606399536,0.027685018256306648,0.3846137523651123,0.20986112952232361,0.49721267819404602,0,2.587559700012207,23.227519989013672,99.230766296386719
981,143480,,,,,,Website 1,1,0.081926360726356506,0.16976852715015411,0.016735997051000595,0.32673951983451843,0.027026625350117683,0.40858244895935059,0.21064488589763641,0.54252243041992188,0,2.7508540153503418,24.291566848754883,99.182846069335938
982,143512,,,,,,Website 1,1,0.085011802613735199,0.16807056963443756,0.017228929325938225,0.30082798004150391,0.026563039049506187,0.36710301041603088,0.18926221132278442,0.45782172679901123,0,2.6406095027923584,22.013397216796875,99.265792846679688
983,143544,,,,,,Website 1,1,0.09623243659734726,0.17063325643539429,0.019239360466599464,0.23284760117530823,0.026612978428602219,0.27235019207000732,0.13776396214962006,0.3287661075592041,0,2.5342733860015869,15.226574897766113,99.455299377441406
984,143592,,,,,,Website 1,1,0.1051541268825531,0.17277771234512329,0.02083885483443737,0.19368734955787659,0.026614576578140259,0.21645897626876831,0.11011248081922531,0.3287661075592041,0,2.2716028690338135,10.268250465393066,99.56707763671875
985,143624,,,,,,Website 1,1,0.10863573104143143,0.17092323303222656,0.021517086774110794,0.18121224641799927,0.026793587952852249,0.19260461628437042,0.099722735583782196,0.3287661075592041,0,2.1200559139251709,7.9840779304504395,99.614791870117188
986,143656,,,,,,Website 1,1,0.10882678627967834,0.16679608821868896,0.021784894168376923,0.17982159554958344,0.027035389095544815,0.17931900918483734,0.098083913326263428,0.3287661075592041,0,2.0768866539001465,6.8412609100341797,99.640365600585938
987,143688,,,,,,Website 1,1,0.10627289116382599,0.16709356009960175,0.02125299908220768,0.18938124179840088,0.027107164263725281,0.19388499855995178,0.1053226962685585,0.3287661075592041,0,2.2962470054626465,8.3306922912597656,99.612236022949219
988,143720,,,,,,Website 1,1,0.10773487389087677,0.16891235113143921,0.02156105637550354,0.18424384295940399,0.027103159576654434,0.19145563244819641,0.10382135957479477,0.3287661075592041,0,2.6555843353271484,7.5835180282592773,99.617095947265625
989,143752,,,,,,Website 1,1,0.10522707551717758,0.17013776302337646,0.020926205441355705,0.1910875141620636,0.027519281953573227,0.21117448806762695,0.10717399418354034,0.3287661075592041,0,2.7986123561859131,9.4161844253540039,99.577651977539063
990,143784,,,,,,Website 1,1,0,0,0,0,0,0,0,0,0,0,0,0
991,143816,,,,,,Website 1,1,0,0,0,0,0,0,0,0,0,0,0,0
992,143849,,,,,,Website 1,1,0,0,0,0,0,0,0,0,0,0,0,0
993,143881,,,,,,Website 1,1,0,0,0,0,0,0,0,0,0,0,0,0
994,143912,,,,,,Website 1,1,0,0,0,0,0,0,0,0,0,0,0,0
995,143944,,,,,,Website 1,1,0,0,0,0,0,0,0,0,0,0,0,0
996,143992,,,,,,Website 1,1,0,0,0,0,0,0,0,0,0,0,0,0
997,144024,,,,,,Website 1,1,0,0,0,0,0,0,0,0,0,0,0,0
998,144056,,,,,,Website 1,1,0,0,0,0,0,0,0,0,0,0,0,0
999,144089,,,,,,Website 1,1,0,0,0,0,0,0,0,0,0,0,0,0
1000,144121,,,,,,Website 1,1,0,0,0,0,0,0,0,0,0,0,0,0
1001,144153,,,,,,Website 1,1,0,0,0,0,0,0,0,0,0,0,0,0
1002,144184,,,,,,Website 1,1,0,0,0,0,0,0,0,0,0,0,0,0
1003,144216,,,,,,Website 1,1,0,0,0,0,0,0,0,0,0,0,0,0
1004,144248,,,,,,Website 1,1,0,0,0,0,0,0,0,0,0,0,0,0
1005,144280,,,,,,Website 1,1,0,0,0,0,0,0,0,0,0,0,0,0
1006,144312,,,,,,Website 1,1,0,0,0,0,0,0,0,0,0,0,0,0
1007,144345,,,,,,Website 1,1,0,0,0,0,0,0,0,0,0,0,0,0
1008,144392,,,,,,Website 1,1,0,0,0,0,0,0,0,0,0,0,0,0
1009,144424,,,,,,Website 1,1,0,0,0,0,0,0,0,0,0,0,0,0
1010,144456,,,,,,Website 1,1,0,0,0,0,0,0,0,0,0,0,0,0
1011,144488,,,,,,Website 1,1,0,0,0,0,0,0,0,0,0,0,0,0
1012,144520,,,,,,Website 1,1,0,0,0,0,0,0,0,0,0,0,0,0
1013,144552,,,,,,Website 1,1,0,0,0,0,0,0,0,0,0,0,0,0
1014,144584,,,,,,Website 1,1,0,0,0,0,0,0,0,0,0,0,0,0
1015,144617,,,,,,Website 1,1,0,0,0,0,0,0,0,0,0,0,0,0
1016,144649,,,,,,Website 1,1,0,0,0,0,0,0,0,0,0,0,0,0
1017,144680,,,,,,Website 1,1,0,0,0,0,0,0,0,0,0,0,0,0
1018,144713,,,,,,Website 1,1,0,0,0,0,0,0,0,0,0,0,0,0
1019,144744,,,,,,Website 1,1,0,0,0,0,0,0,0,0,0,0,0,0
1020,144792,,,,,,Website 1,1,0,0,0,0,0,0,0,0,0,0,0,0
1021,144824,,,,,,Website 1,1,0,0,0,0,0,0,0,0,0,0,0,0
1022,144857,,,,,,Website 1,1,0,0,0,0,0,0,0,0,0,0,0,0
1023,144889,,,,,,Website 1,1,0,0,0,0,0,0,0,0,0,0,0,0
1024,144921,,,,,,Website 1,1,0,0,0,0,0,0,0,0,0,0,0,0
1025,144952,,,,,,Website 1,1,0,0,0,0,0,0,0,0,0,0,0,0
1026,144984,,,,,,Website 1,1,0,0,0,0,0,0,0,0,0,0,0,0
1027,145016,,,,,,Website 1,1,0,0,0,0,0,0,0,0,0,0,0,0
1028,145048,,,,,,Website 1,1,0.11327417194843292,0.16218718886375427,0.024000838398933411,0.17080835998058319,0.024641744792461395,0.12620611488819122,0.08693397045135498,0.3287661075592041,0,0.47071820497512817,1.5336388349533081,99.65838623046875
1029,145080,,,,,,Website 1,1,0.10747602581977844,0.15324455499649048,0.023664701730012894,0.19534362852573395,0.02455194853246212,0.1307704746723175,0.10840673744678497,0.3287661075592041,0,0.83899211883544922,2.7485153675079346,99.60931396484375
1030,145113,,,,,,Website 1,1,0.11656205356121063,0.17253376543521881,0.023791233077645302,0.17205692827701569,0.024629741907119751,0.14301823079586029,0.096020609140396118,0.3287661075592041,0,0.88756334781646729,2.8759078979492188,99.654937744140625
1031,145145,,,,,,Website 1,1,0.11713264882564545,0.17384339869022369,0.023899907246232033,0.16934671998023987,0.024674000218510628,0.14336869120597839,0.10391536355018616,0.3287661075592041,0,1.0236033201217651,2.7706613540649414,99.652313232421875
1032,145192,,,,,,Website 1,1,0.11842004954814911,0.17574337124824524,0.024116264656186104,0.16608965396881104,0.024687955155968666,0.14349134266376495,0.11536986380815506,0.3287661075592041,0,1.0696300268173218,2.6714954376220703,99.648513793945313
1033,145224,,,,,,Website 1,1,0.12049387395381927,0.17876006662845612,0.024554615840315819,0.16025771200656891,0.02496015839278698,0.14373745024204254,0.13136553764343262,0.3287661075592041,0,1.1754598617553711,2.3844530582427979,99.642471313476563
1034,145256,,,,,,Website 1,1,0.12164928764104843,0.18114428222179413,0.024865955114364624,0.15675492584705353,0.025081584230065346,0.14563754200935364,0.1459764838218689,0.3287661075592041,0,1.24263596534729,2.4517650604248047,99.637702941894531
1035,145288,,,,,,Website 1,1,0.12179913371801376,0.18179121613502502,0.024688424542546272,0.15729323029518127,0.025224493816494942,0.14919652044773102,0.16175314784049988,0.3287661075592041,0,1.4247176647186279,2.6827545166015625,99.636421203613281
1036,145320,,,,,,Website 1,1,0.12183917313814163,0.18418291211128235,0.024334071204066277,0.15881578624248505,0.025403188541531563,0.15413270890712738,0.1843198835849762,0.3287661075592041,0,1.5068268775939941,3.1328170299530029,99.631362915039063
1037,145352,,,,,,Website 1,1,0.12199588865041733,0.18646989762783051,0.023877197876572609,0.15868744254112244,0.025290379300713539,0.15799649059772491,0.20078162848949432,0.3287661075592041,0,1.6304986476898193,3.4206829071044922,99.598434448242188
1038,145385,,,,,,Website 1,1,0,0,0,0,0,0,0,0,0,0,0,0
1039,145417,,,,,,Website 1,1,0,0,0,0,0,0,0,0,0,0,0,0
1040,145449,,,,,,Website 1,1,0,0,0,0,0,0,0,0,0,0,0,0
1041,145480,,,,,,Website 1,1,0,0,0,0,0,0,0,0,0,0,0,0
1042,145512,,,,,,Website 1,1,0,0,0,0,0,0,0,0,0,0,0,0
1043,145544,,,,,,Website 1,1,0,0,0,0,0,0,0,0,0,0,0,0
1044,145592,,,,,,Website 1,1,0.097471967339515686,0.17784228920936584,0.019997473806142807,0.24949932098388672,0.024949856102466583,0.2398240864276886,0.36601698398590088,0.3287661075592041,0,1.7510493993759155,13.717563629150391,99.267974853515625
1045,145624,,,,,,Website 1,1,0.10031186789274216,0.15544001758098602,0.02170264907181263,0.24683892726898193,0.024992926046252251,0.17615191638469696,0.38778179883956909,0.3287661075592041,0,1.6025838851928711,8.6515541076660156,99.224433898925781
1046,145657,,,,,,Website 1,1,0.096481136977672577,0.14821237325668335,0.021539997309446335,0.25967413187026978,0.025171156972646713,0.17259405553340912,0.42435634136199951,0.3287661075592041,0,1.6501426696777344,8.8241004943847656,99.151290893554688
1047,145689,,,,,,Website 1,1,0.091113321483135223,0.14345099031925201,0.020782127976417542,0.28898623585700989,0.025376802310347557,0.18859098851680756,0.53807359933853149,0.3287661075592041,0,1.5246446132659912,11.310347557067871,98.923843383789063
1048,145720,,,,,,Website 1,1,0,0,0,0,0,0,0,0,0,0,0,0
1049,145752,,,,,,Website 1,1,0,0,0,0,0,0,0,0,0,0,0,0
1050,145784,,,,,,Website 1,1,0,0,0,0,0,0,0,0,0,0,0,0
1051,145816,,,,,,Website 1,1,0,0,0,0,0,0,0,0,0,0,0,0
1052,145848,,,,,,Website 1,1,0,0,0,0,0,0,0,0,0,0,0,0
1053,145881,,,,,,Website 1,1,0,0,0,0,0,0,0,0,0,0,0,0
1054,145913,,,,,,Website 1,1,0,0,0,0,0,0,0,0,0,0,0,0
1055,145945,,,,,,Website 1,1,0,0,0,0,0,0,0,0,0,0,0,0
1056,145992,,,,,,Website 1,1,0,0,0,0,0,0,0,0,0,0,0,0
1057,146024,,,,,,Website 1,1,0,0,0,0,0,0,0,0,0,0,0,0
1058,146056,,,,,,Website 1,1,0,0,0,0,0,0,0,0,0,0,0,0
1059,146088,,,,,,Website 1,1,0,0,0,0,0,0,0,0,0,0,0,0
1060,146120,,,,,,Website 1,1,0.12940850853919983,0.18420632183551788,0.025217399001121521,0.14486490190029144,0.025753036141395569,0.13415251672267914,0.14535892009735107,0.3287661075592041,0,0.64155948162078857,0.94798547029495239,99.631591796875
1061,146153,,,,,,Website 1,1,0.11938779056072235,0.16697247326374054,0.024294337257742882,0.16886377334594727,0.026002028957009315,0.13163024187088013,0.20705440640449524,0.3287661075592041,0,0.68247044086456299,1.9319103956222534,99.585891723632813
1062,146185,,,,,,Website 1,1,0.12007694691419601,0.1713237464427948,0.024291349574923515,0.1708587110042572,0.025639750063419342,0.13332688808441162,0.21546830236911774,0.3287661075592041,0,0.47755396366119385,2.2250854969024658,99.569068908691406
1063,146216,,,,,,Website 1,1,0.11742880940437317,0.17254370450973511,0.023747650906443596,0.1765219122171402,0.025498943403363228,0.13929443061351776,0.15769453346729279,0.3287661075592041,0,0.43347030878067017,2.1915264129638672,99.646965026855469
1064,146249,,,,,,Website 1,1,0.11350072175264359,0.16964894533157349,0.023223668336868286,0.18656070530414581,0.025378178805112839,0.14489546418190002,0.1588798314332962,0.3287661075592041,0,0.44118413329124451,2.3284664154052734,99.626884460449219
1065,146280,,,,,,Website 1,1,0.11401453614234924,0.17032794654369354,0.023275850340723991,0.18778033554553986,0.025331668555736542,0.14546859264373779,0.16922268271446228,0.3287661075592041,0,0.52674281597137451,2.3142759799957275,99.624443054199219
1066,146312,,,,,,Website 1,1,0.11160250008106232,0.16326707601547241,0.023280778899788857,0.19701528549194336,0.025292236357927322,0.14235988259315491,0.16868101060390472,0.3287661075592041,0,0.62731504440307617,2.0994300842285156,99.605964660644531
1067,146344,,,,,,Website 1,1,0.10714847594499588,0.15425273776054382,0.023117581382393837,0.21643303334712982,0.025127040222287178,0.14187759160995483,0.18010032176971436,0.3287661075592041,0,0.68521934747695923,2.2810890674591064,99.567138671875
1068,146392,,,,,,Website 1,1,0.092880688607692719,0.13116888701915741,0.022174827754497528,0.29658499360084534,0.025208096951246262,0.14597669243812561,0.25718593597412109,0.3287661075592041,0,0.67989033460617065,2.5175752639770508,99.406829833984375
1069,146425,,,,,,Website 1,1,0.085727520287036896,0.11623452603816986,0.022093325853347778,0.35927525162696838,0.025162184610962868,0.14022873342037201,0.31948328018188477,0.36462932825088501,0,0.71874231100082397,2.7911272048950195,99.281448364257813
1070,146457,,,,,,Website 1,1,0.071756184101104736,0.090326994657516479,0.021716104820370674,0.53239285945892334,0.025140143930912018,0.12752999365329742,0.52572542428970337,0.75274121761322021,0,0.85769987106323242,3.2547166347503662,98.935218811035156
1071,146488,,,,,,Website 1,1,0.064504511654376984,0.077572502195835114,0.021588273346424103,0.67343765497207642,0.025326380506157875,0.12005097419023514,0.75452589988708496,1.1780571937561035,0,0.9263032078742981,3.7997634410858154,98.490943908691406
1072,146520,,,,,,Website 1,1,0.057747632265090942,0.065982230007648468,0.021377682685852051,0.87477993965148926,0.025628875941038132,0.11354614049196243,1.1334798336029053,1.9570020437240601,0,1.0250680446624756,4.4953231811523438,97.733039855957031
1073,146552,,,,,,Website 1,1,0.046338502317667007,0.048946995288133621,0.020785614848136902,1.371222972869873,0.025725012645125389,0.10104731470346451,2.1604185104370117,4.9564723968505859,0,1.0498567819595337,5.3217225074768066,95.679168701171875
1074,146584,,,,,,Website 1,1,0.044539753347635269,0.051273148506879807,0.019127381965517998,1.505049467086792,0.025823455303907394,0.12699884176254272,2.3388352394104004,4.3042683601379395,0,0.98946154117584229,6.6641583442687988,95.32232666015625
1075,146616,,,,,,Website 1,1,0.045806527137756348,0.05523473396897316,0.018911382183432579,1.3800783157348633,0.025935377925634384,0.13689994812011719,2.1156110763549805,3.4418084621429443,0,0.97654974460601807,7.6208100318908691,95.768775939941406
1076,146649,,,,,,Website 1,1,0.050043027848005295,0.064107500016689301,0.018921284005045891,1.1397198438644409,0.025745894759893417,0.15217337012290955,1.5758312940597534,2.2219412326812744,0,1.0119466781616211,9.748173713684082,96.848335266113281
1077,146681,,,,,,Website 1,1,0.054477069526910782,0.079926751554012299,0.018309330567717552,0.90764731168746948,0.025767378509044647,0.1932743638753891,1.1607816219329834,1.1746735572814941,0,1.0474836826324463,11.386666297912598,97.678436279296875
1078,146713,,,,,,Website 1,1,0.061544433236122131,0.098718129098415375,0.018114842474460602,0.70308119058609009,0.025941487401723862,0.23190471529960632,0.83521288633346558,0.65035361051559448,0,1.196826696395874,14.507051467895508,98.329574584960938
1079,146744,,,,,,Website 1,1,0.062523253262042999,0.10449845343828201,0.017697431147098541,0.67157715559005737,0.0259658582508564,0.25400403141975403,0.7826964259147644,0.54731875658035278,0,1.3112223148345947,16.749412536621094,98.434600830078125
1080,146792,,,,,,Website 1,1,0.064325109124183655,0.11231942474842072,0.017522737383842468,0.63414055109024048,0.026051808148622513,0.28285267949104309,0.75441169738769531,0.53956055641174316,0,1.4600789546966553,21.293632507324219,98.491172790527344
1081,146824,,,,,,Website 1,1,0.06899821013212204,0.12879171967506409,0.017175963148474693,0.54657125473022461,0.026081258431077003,0.32958212494850159,0.61151915788650513,0.59030908346176147,0,1.5924733877182007,25.492856979370117,98.776962280273438
1082,146856,,,,,,Website 1,1,0.069392353296279907,0.12843795120716095,0.017110301181674004,0.53503209352493286,0.026216482743620872,0.33625656366348267,0.59819763898849487,0.59774672985076904,0,1.7030736207962036,25.623388290405273,98.803604125976563
1083,146888,,,,,,Website 1,1,0,0,0,0,0,0,0,0,0,0,0,0
1084,146921,,,,,,Website 1,1,0,0,0,0,0,0,0,0,0,0,0,0
1085,146953,,,,,,Website 1,1,0,0,0,0,0,0,0,0,0,0,0,0
1086,146984,,,,,,Website 1,1,0,0,0,0,0,0,0,0,0,0,0,0
1087,147016,,,,,,Website 1,1,0,0,0,0,0,0,0,0,0,0,0,0
1088,147048,,,,,,Website 1,1,0,0,0,0,0,0,0,0,0,0,0,0
1089,147080,,,,,,Website 1,1,0,0,0,0,0,0,0,0,0,0,0,0
1090,147113,,,,,,Website 1,1,0,0,0,0,0,0,0,0,0,0,0,0
1091,147144,,,,,,Website 1,1,0,0,0,0,0,0,0,0,0,0,0,0
1092,147192,,,,,,Website 1,1,0,0,0,0,0,0,0,0,0,0,0,0
1093,147225,,,,,,Website 1,1,0,0,0,0,0,0,0,0,0,0,0,0
1094,147256,,,,,,Website 1,1,0,0,0,0,0,0,0,0,0,0,0,0
1095,147288,,,,,,Website 1,1,0,0,0,0,0,0,0,0,0,0,0,0
1096,147320,,,,,,Website 1,1,0,0,0,0,0,0,0,0,0,0,0,0
1097,147352,,,,,,Website 1,1,0,0,0,0,0,0,0,0,0,0,0,0
1098,147385,,,,,,Website 1,1,0,0,0,0,0,0,0,0,0,0,0,0
1099,147417,,,,,,Website 1,1,0,0,0,0,0,0,0,0,0,0,0,0
1100,147449,,,,,,Website 1,1,0,0,0,0,0,0,0,0,0,0,0,0
1101,147481,,,,,,Website 1,1,0,0,0,0,0,0,0,0,0,0,0,0
1102,147512,,,,,,Website 1,1,0,0,0,0,0,0,0,0,0,0,0,0
1103,147544,,,,,,Website 1,1,0,0,0,0,0,0,0,0,0,0,0,0
1104,147592,,,,,,Website 1,1,0,0,0,0,0,0,0,0,0,0,0,0
1105,147624,,,,,,Website 1,1,0,0,0,0,0,0,0,0,0,0,0,0
1106,147656,,,,,,Website 1,1,0,0,0,0,0,0,0,0,0,0,0,0
1107,147688,,,,,,Website 1,1,0,0,0,0,0,0,0,0,0,0,0,0
1108,147720,,,,,,Website 1,1,0,0,0,0,0,0,0,0,0,0,0,0
1109,147752,,,,,,Website 1,1,0,0,0,0,0,0,0,0,0,0,0,0
1110,147784,,,,,,Website 1,1,0,0,0,0,0,0,0,0,0,0,0,0
1111,147817,,,,,,Website 1,1,0,0,0,0,0,0,0,0,0,0,0,0
1112,147848,,,,,,Website 1,1,0,0,0,0,0,0,0,0,0,0,0,0
1113,147880,,,,,,Website 1,1,0,0,0,0,0,0,0,0,0,0,0,0
1114,147912,,,,,,Website 1,1,0,0,0,0,0,0,0,0,0,0,0,0
1115,147945,,,,,,Website 1,1,0,0,0,0,0,0,0,0,0,0,0,0
1116,147992,,,,,,Website 1,1,0.013047833926975727,0.041168559342622757,0.0065371873788535595,13.692792892456055,0.025082781910896301,1.6782524585723877,20.888738632202148,42.768833160400391,-3.5457229614257813,0.27963811159133911,39.589366912841797,58.222515106201172
1117,148024,,,,,,Website 1,1,0.015838274732232094,0.043562471866607666,0.007702474482357502,9.0306367874145508,0.02549787238240242,1.0968431234359741,14.388237953186035,18.080707550048828,-0.95430755615234375,0.40055042505264282,32.439407348632813,71.223526000976563
1118,148056,,,,,,Website 1,1,0.018568053841590881,0.046981457620859146,0.0087403012439608574,6.5913019180297852,0.025746455416083336,0.8082234263420105,10.62993049621582,11.134840965270996,0,0.47253969311714172,47.178535461425781,78.740135192871094
1119,148088,,,,,,Website 1,1,0.016366150230169296,0.035715494304895401,0.0090721901506185532,9.0834636688232422,0.025591710582375526,0.63179314136505127,15.930551528930664,16.195087432861328,0,0.44026100635528564,49.172569274902344,68.138900756835938
1120,148120,,,,,,Website 1,1,0.016112810000777245,0.03285757452249527,0.0095017300918698311,9.741978645324707,0.025481756776571274,0.54277467727661133,18.512992858886719,20.982442855834961,0,0.52169167995452881,52.778511047363281,62.974014282226563
1121,148152,,,,,,Website 1,1,0.016085272654891014,0.030037311837077141,0.0099638393148779869,10.06908130645752,0.025598594918847084,0.4589570164680481,18.413429260253906,26.476222991943359,0,0.59644597768783569,48.891067504882813,63.173141479492188
1122,148184,,,,,,Website 1,1,0.016401676461100578,0.03019537590444088,0.010102583095431328,9.8195219039916992,0.025742506608366966,0.45143225789070129,18.026994705200195,26.23760986328125,0,0.59334868192672729,48.002189636230469,63.946014404296875
1123,148217,,,,,,Website 1,1,0.01792503334581852,0.030654482543468475,0.010671107098460197,8.7747936248779297,0.025952864438295364,0.39540547132492065,15.402275085449219,25.614542007446289,0,0.56341183185577393,48.812030792236328,69.195457458496094
1124,148248,,,,,,Website 1,1,0.021431747823953629,0.031588919460773468,0.012076716870069504,6.9459071159362793,0.026251751929521561,0.28815615177154541,11.119275093078613,24.289024353027344,0,0.65215140581130981,44.667144775390625,77.761444091796875
1125,148280,,,,,,Website 1,1,0.024524226784706116,0.031375009566545486,0.012993637472391129,6.535527229309082,0.026415951550006866,0.2347872406244278,9.8993825912475586,25.187223434448242,0,0.71606254577636719,40.288154602050781,80.20123291015625
1126,148312,,,,,,Website 1,1,0.028888778761029243,0.031195426359772682,0.013693317770957947,6.515017032623291,0.026559824123978615,0.20358388125896454,9.3479337692260742,25.002204895019531,0,0.77030569314956665,37.061088562011719,81.304130554199219
1127,148344,,,,,,Website 1,1,0.033525515347719193,0.03235086053609848,0.014660453423857689,5.8461270332336426,0.02682223916053772,0.17732185125350952,8.1714057922363281,23.423007965087891,0,0.83149135112762451,33.339809417724609,83.657188415527344
1128,148392,,,,,,Website 1,1,0.03813900426030159,0.03545723482966423,0.015061005018651485,5.1579751968383789,0.026754915714263916,0.18099586665630341,7.0058836936950684,18.698301315307617,0,0.80650579929351807,32.205833435058594,85.988235473632813
1129,148424,,,,,,Website 1,1,0.044272635132074356,0.040648534893989563,0.015373380854725838,4.3758845329284668,0.026861444115638733,0.19203859567642212,5.794952392578125,12.680757522583008,0,0.80864256620407104,31.390542984008789,88.41009521484375
1130,148457,,,,,,Website 1,1,0.049231324344873428,0.04088752344250679,0.015764174982905388,4.5085368156433105,0.026896759867668152,0.18332168459892273,5.9306988716125488,12.699662208557129,0,0.81227105855941772,30.137645721435547,88.13861083984375
1131,148489,,,,,,Website 1,1,0.054125633090734482,0.04811825230717659,0.015950225293636322,3.4745995998382568,0.026903171092271805,0.19704538583755493,4.4564404487609863,7.9794855117797852,0,0.82646185159683228,29.332441329956055,91.087112426757813
1132,148520,,,,,,Website 1,1,0.050063688308000565,0.051043596118688583,0.015460937283933163,3.1150116920471191,0.027132298797369003,0.22662061452865601,4.1063265800476074,6.5594887733459473,0,0.89654862880706787,31.363222122192383,91.787353515625
1133,148552,,,,,,Website 1,1,0.046270459890365601,0.055464588105678558,0.014722497202455997,2.8233425617218018,0.027036393061280251,0.2710399329662323,3.7703707218170166,5.6673622131347656,0,0.90932106971740723,34.127967834472656,92.459259033203125
1134,148584,,,,,,Website 1,1,0.041136115789413452,0.054436765611171722,0.014480162411928177,2.796438455581665,0.027042916044592857,0.29139578342437744,3.8799042701721191,6.1539502143859863,0,0.99435228109359741,35.868267059326172,92.240188598632813
1135,148616,,,,,,Website 1,1,0.038850732147693634,0.061849493533372879,0.013737036846578121,2.4033102989196777,0.027260961011052132,0.37767136096954346,3.316157341003418,4.1781554222106934,0,1.2156018018722534,39.444839477539063,93.367691040039063
1136,148648,,,,,,Website 1,1,0,0,0,0,0,0,0,0,0,0,0,0
1137,148680,,,,,,Website 1,1,0,0,0,0,0,0,0,0,0,0,0,0
1138,148713,,,,,,Website 1,1,0,0,0,0,0,0,0,0,0,0,0,0
1139,148745,,,,,,Website 1,1,0,0,0,0,0,0,0,0,0,0,0,0
1140,148792,,,,,,Website 1,1,0,0,0,0,0,0,0,0,0,0,0,0
1141,148824,,,,,,Website 1,1,0,0,0,0,0,0,0,0,0,0,0,0
1142,148856,,,,,,Website 1,1,0,0,0,0,0,0,0,0,0,0,0,0
1143,148888,,,,,,Website 1,1,0,0,0,0,0,0,0,0,0,0,0,0
1144,148920,,,,,,Website 1,1,0,0,0,0,0,0,0,0,0,0,0,0
1145,148952,,,,,,Website 1,1,0,0,0,0,0,0,0,0,0,0,0,0
1146,148984,,,,,,Website 1,1,0,0,0,0,0,0,0,0,0,0,0,0
1147,149016,,,,,,Website 1,1,0,0,0,0,0,0,0,0,0,0,0,0
1148,149048,,,,,,Website 1,1,0,0,0,0,0,0,0,0,0,0,0,0
1149,149080,,,,,,Website 1,1,0,0,0,0,0,0,0,0,0,0,0,0
1150,149112,,,,,,Website 1,1,0,0,0,0,0,0,0,0,0,0,0,0
1151,149145,,,,,,Website 1,1,0,0,0,0,0,0,0,0,0,0,0,0
1152,149192,,,,,,Website 1,1,0,0,0,0,0,0,0,0,0,0,0,0
1153,149225,,,,,,Website 1,1,0,0,0,0,0,0,0,0,0,0,0,0
1154,149257,,,,,,Website 1,1,0,0,0,0,0,0,0,0,0,0,0,0
1155,149288,,,,,,Website 1,1,0,0,0,0,0,0,0,0,0,0,0,0
1156,149320,,,,,,Website 1,1,0,0,0,0,0,0,0,0,0,0,0,0
1157,149352,,,,,,Website 1,1,0,0,0,0,0,0,0,0,0,0,0,0
1158,149384,,,,,,Website 1,1,0,0,0,0,0,0,0,0,0,0,0,0
1159,149416,,,,,,Website 1,1,0,0,0,0,0,0,0,0,0,0,0,0
1160,149448,,,,,,Website 1,1,0,0,0,0,0,0,0,0,0,0,0,0
1161,149481,,,,,,Website 1,1,0,0,0,0,0,0,0,0,0,0,0,0
1162,149512,,,,,,Website 1,1,0,0,0,0,0,0,0,0,0,0,0,0
1163,149544,,,,,,Website 1,1,0,0,0,0,0,0,0,0,0,0,0,0
1164,149592,,,,,,Website 1,1,0,0,0,0,0,0,0,0,0,0,0,0
1165,149624,,,,,,Website 1,1,0,0,0,0,0,0,0,0,0,0,0,0
1166,149656,,,,,,Website 1,1,0,0,0,0,0,0,0,0,0,0,0,0
1167,149689,,,,,,Website 1,1,0,0,0,0,0,0,0,0,0,0,0,0
1168,149720,,,,,,Website 1,1,0,0,0,0,0,0,0,0,0,0,0,0
1169,149752,,,,,,Website 1,1,0.069277480244636536,0.036763660609722137,0.015875756740570068,9.5999288558959961,0.038309250026941299,0.25129020214080811,10.057265281677246,10.757438659667969,0,4.7696270942687988,10.661665916442871,79.885467529296875
1170,149784,,,,,,Website 1,1,0.050823040306568146,0.069191701710224152,0.014628782868385315,3.0036375522613525,0.034769617021083832,0.51176553964614868,2.6268153190612793,3.8501548767089844,0,3.9845757484436035,11.389782905578613,93.992729187011719
1171,149816,,,,,,Website 1,1,0.04456581175327301,0.066691063344478607,0.016657650470733643,2.26519775390625,0.031324978917837143,0.39335814118385315,1.8250021934509277,2.3070127964019775,0,2.5909609794616699,16.61351203918457,95.4696044921875
1172,149848,,,,,,Website 1,1,0,0,0,0,0,0,0,0,0,0,0,0
1173,149880,,,,,,Website 1,1,0,0,0,0,0,0,0,0,0,0,0,0
1174,149912,,,,,,Website 1,1,0,0,0,0,0,0,0,0,0,0,0,0
1175,149944,,,,,,Website 1,1,0,0,0,0,0,0,0,0,0,0,0,0
1176,149992,,,,,,Website 1,1,0,0,0,0,0,0,0,0,0,0,0,0
1177,150025,,,,,,Website 1,1,0,0,0,0,0,0,0,0,0,0,0,0
1178,150056,,,,,,Website 1,1,0,0,0,0,0,0,0,0,0,0,0,0
1179,150088,,,,,,Website 1,1,0,0,0,0,0,0,0,0,0,0,0,0
1180,150120,,,,,,Website 1,1,0,0,0,0,0,0,0,0,0,0,0,0
1181,150152,,,,,,Website 1,1,0,0,0,0,0,0,0,0,0,0,0,0
1182,150184,,,,,,Website 1,1,0,0,0,0,0,0,0,0,0,0,0,0
1183,150216,,,,,,Website 1,1,0,0,0,0,0,0,0,0,0,0,0,0
1184,150249,,,,,,Website 1,1,0,0,0,0,0,0,0,0,0,0,0,0
1185,150280,,,,,,Website 1,1,0,0,0,0,0,0,0,0,0,0,0,0
1186,150312,,,,,,Website 1,1,0,0,0,0,0,0,0,0,0,0,0,0
1187,150344,,,,,,Website 1,1,0,0,0,0,0,0,0,0,0,0,0,0
1188,150392,,,,,,Website 1,1,0,0,0,0,0,0,0,0,0,0,0,0
1189,150424,,,,,,Website 1,1,0,0,0,0,0,0,0,0,0,0,0,0
1190,150456,,,,,,Website 1,1,0,0,0,0,0,0,0,0,0,0,0,0
1191,150489,,,,,,Website 1,1,0,0,0,0,0,0,0,0,0,0,0,0
1192,150521,,,,,,Website 1,1,0,0,0,0,0,0,0,0,0,0,0,0
1193,150552,,,,,,Website 1,1,0,0,0,0,0,0,0,0,0,0,0,0
1194,150584,,,,,,Website 1,1,0,0,0,0,0,0,0,0,0,0,0,0
1195,150616,,,,,,Website 1,1,0,0,0,0,0,0,0,0,0,0,0,0
1196,150648,,,,,,Website 1,1,0,0,0,0,0,0,0,0,0,0,0,0
1197,150680,,,,,,Website 1,1,0,0,0,0,0,0,0,0,0,0,0,0
1198,150712,,,,,,Website 1,1,0,0,0,0,0,0,0,0,0,0,0,0
1199,150745,,,,,,Website 1,1,0,0,0,0,0,0,0,0,0,0,0,0
1200,150793,,,,,,Website 1,1,0,0,0,0,0,0,0,0,0,0,0,0
1201,150824,,,,,,Website 1,1,0,0,0,0,0,0,0,0,0,0,0,0
1202,150856,,,,,,Website 1,1,0,0,0,0,0,0,0,0,0,0,0,0
1203,150888,,,,,,Website 1,1,0,0,0,0,0,0,0,0,0,0,0,0
1204,150920,,,,,,Website 1,1,0,0,0,0,0,0,0,0,0,0,0,0
1205,150952,,,,,,Website 1,1,0,0,0,0,0,0,0,0,0,0,0,0
1206,150984,,,,,,Website 1,1,0,0,0,0,0,0,0,0,0,0,0,0
1207,151016,,,,,,Website 1,1,0,0,0,0,0,0,0,0,0,0,0,0
1208,151048,,,,,,Website 1,1,0,0,0,0,0,0,0,0,0,0,0,0
1209,151080,,,,,,Website 1,1,0,0,0,0,0,0,0,0,0,0,0,0
1210,151112,,,,,,Website 1,1,0,0,0,0,0,0,0,0,0,0,0,0
1211,151144,,,,,,Website 1,1,0,0,0,0,0,0,0,0,0,0,0,0
1212,151192,,,,,,Website 1,1,0,0,0,0,0,0,0,0,0,0,0,0
1213,151224,,,,,,Website 1,1,0,0,0,0,0,0,0,0,0,0,0,0
1214,151257,,,,,,Website 1,1,0,0,0,0,0,0,0,0,0,0,0,0
1215,151289,,,,,,Website 1,1,0,0,0,0,0,0,0,0,0,0,0,0
1216,151320,,,,,,Website 1,1,0,0,0,0,0,0,0,0,0,0,0,0
1217,151352,,,,,,Website 1,1,0,0,0,0,0,0,0,0,0,0,0,0
1218,151384,,,,,,Website 1,1,0,0,0,0,0,0,0,0,0,0,0,0
1219,151416,,,,,,Website 1,1,0,0,0,0,0,0,0,0,0,0,0,0
1220,151448,,,,,,Website 1,1,0,0,0,0,0,0,0,0,0,0,0,0
1221,151480,,,,,,Website 1,1,0,0,0,0,0,0,0,0,0,0,0,0
1222,151513,,,,,,Website 1,1,0,0,0,0,0,0,0,0,0,0,0,0
1223,151544,,,,,,Website 1,1,0,0,0,0,0,0,0,0,0,0,0,0
1224,151592,,,,,,Website 1,1,0,0,0,0,0,0,0,0,0,0,0,0
1225,151624,,,,,,Website 1,1,0,0,0,0,0,0,0,0,0,0,0,0
1226,151656,,,,,,Website 1,1,0,0,0,0,0,0,0,0,0,0,0,0
1227,151688,,,,,,Website 1,1,0,0,0,0,0,0,0,0,0,0,0,0
1228,151720,,,,,,Website 1,1,0,0,0,0,0,0,0,0,0,0,0,0
1229,151752,,,,,,Website 1,1,0,0,0,0,0,0,0,0,0,0,0,0
1230,151784,,,,,,Website 1,1,0,0,0,0,0,0,0,0,0,0,0,0
1231,151816,,,,,,Website 1,1,0,0,0,0,0,0,0,0,0,0,0,0
1232,151848,,,,,,Website 1,1,0,0,0,0,0,0,0,0,0,0,0,0
1233,151880,,,,,,Website 1,1,0.12896314263343811,0.19233329594135284,0.025409195572137833,0.12781995534896851,0.024600591510534286,0.12736174464225769,0.058193165808916092,0.3287661075592041,0,0.16432803869247437,0.029779035598039627,99.615341186523438
1234,151912,,,,,,Website 1,1,0,0,0,0,0,0,0,0,0,0,0,0
1235,151960,,,,,,Website 1,1,0,0,0,0,0,0,0,0,0,0,0,0
1236,151992,,,,,,Website 1,1,0,0,0,0,0,0,0,0,0,0,0,0
1237,152024,,,,,,Website 1,1,0,0,0,0,0,0,0,0,0,0,0,0
1238,152056,,,,,,Website 1,1,0,0,0,0,0,0,0,0,0,0,0,0
1239,152089,,,,,,Website 1,1,0,0,0,0,0,0,0,0,0,0,0,0
1240,152120,,,,,,Website 1,1,0,0,0,0,0,0,0,0,0,0,0,0
1241,152152,,,,,,Website 1,1,0,0,0,0,0,0,0,0,0,0,0,0
1242,152184,,,,,,Website 1,1,0,0,0,0,0,0,0,0,0,0,0,0
1243,152216,,,,,,Website 1,1,0,0,0,0,0,0,0,0,0,0,0,0
1244,152248,,,,,,Website 1,1,0,0,0,0,0,0,0,0,0,0,0,0
1245,152281,,,,,,Website 1,1,0,0,0,0,0,0,0,0,0,0,0,0
1246,152312,,,,,,Website 1,1,0,0,0,0,0,0,0,0,0,0,0,0
1247,152360,,,,,,Website 1,1,0,0,0,0,0,0,0,0,0,0,0,0
1248,152392,,,,,,Website 1,1,0,0,0,0,0,0,0,0,0,0,0,0
1249,152424,,,,,,Website 1,1,0,0,0,0,0,0,0,0,0,0,0,0
1250,152456,,,,,,Website 1,1,0,0,0,0,0,0,0,0,0,0,0,0
1251,152488,,,,,,Website 1,1,0,0,0,0,0,0,0,0,0,0,0,0
1252,152520,,,,,,Website 1,1,0,0,0,0,0,0,0,0,0,0,0,0
1253,152552,,,,,,Website 1,1,0,0,0,0,0,0,0,0,0,0,0,0
1254,152585,,,,,,Website 1,1,0,0,0,0,0,0,0,0,0,0,0,0
1255,152616,,,,,,Website 1,1,0,0,0,0,0,0,0,0,0,0,0,0
1256,152648,,,,,,Website 1,1,0,0,0,0,0,0,0,0,0,0,0,0
1257,152680,,,,,,Website 1,1,0,0,0,0,0,0,0,0,0,0,0,0
1258,152712,,,,,,Website 1,1,0,0,0,0,0,0,0,0,0,0,0,0
1259,152757,1,EndMedia,TestImage,3000000,StimuliDisplay,Website 1,,,,,,,,,,,,,
1260,152757,1,EndSlide,TestImage,3000000,StimuliDisplay,Website 1,,,,,,,,,,,,,
